CustomerId,Surname,Geography,Age,Balance,EstimatedSalary,EstimatedValue,NumOfProducts,IsActiveMember,EngagementScore,DisengagementFlag,Exited
15671256,Macartney,France,35,211774.31,188574.12,202494.234,1,0,23.25,3,1
15571958,McIntosh,Spain,40,221532.8,171867.08,201666.512,1,0,27.25,3,0
15780212,Mao,France,37,212692.97,176395.02,198173.79,1,0,14.25,3,0
15725665,Lo,France,47,198546.1,191198.92,195607.228,2,0,47.5,2,1
15588670,Despeissis,Spain,40,203715.15,179978.68,194220.562,1,0,31.25,3,1
15721460,Lorenzo,France,60,185648.56,192156.54,188251.752,1,0,22.25,3,1
15769412,Atkinson,Spain,39,207034.96,157694.76,187298.88,2,0,20.5,2,1
15762331,Moss,France,37,178755.84,199929.17,187225.172,1,0,39.25,3,0
15811588,Eluemuno,Spain,53,187602.18,186392.99,187118.504,1,0,35.25,3,1
15807003,Jennings,France,32,191775.65,179657.83,186928.522,1,0,41.25,3,0
15713370,Hunter,Spain,36,188241.05,183058.51,186168.034,2,0,28.5,2,1
15664498,Golovanov,France,26,205962.0,156424.4,186146.96,1,0,35.25,3,0
15790355,Okechukwu,Germany,36,190479.48,179351.89,186028.444,2,0,22.5,2,0
15573319,Azubuike,Germany,35,178317.6,197428.64,185962.016,1,0,22.25,3,0
15670943,See,Germany,31,182275.23,190631.23,185617.63,2,0,45.5,2,0
15713347,Reynolds,Spain,48,179852.26,193580.32,185343.484,1,0,33.25,3,0
15617065,Pan,Spain,42,194532.66,171045.31,185137.72,1,0,29.25,3,1
15800793,St Clair,Germany,39,182491.57,185830.72,183827.23,1,0,29.25,3,0
15793688,Bancks,France,50,201009.64,158032.5,183818.784,1,0,39.25,3,1
15737792,Abbie,France,31,186796.37,178252.63,183378.874,1,0,8.25,3,0
15690372,Henry,Spain,38,181110.13,184544.59,182483.914,2,0,29.5,2,0
15765520,Stevenson,Germany,27,188614.07,171344.09,181706.078,1,0,35.25,3,0
15699029,Bagley,France,37,170557.91,198252.88,181635.898,2,0,35.5,2,0
15728006,Endrizzi,France,40,180516.9,180002.42,180311.108,1,0,25.25,3,0
15599131,Dilke,Germany,26,214346.96,128815.33,180134.308,2,0,35.5,2,0
15661412,Wardell,France,32,175307.32,187051.23,180004.88400000002,1,0,37.25,3,0
15715047,Joshua,Spain,43,172478.15,191084.4,179920.65,1,0,39.25,3,1
15801788,McDonald,Germany,29,185544.36,171037.63,179741.668,1,0,33.25,3,0
15624729,Tsao,France,27,197041.8,151912.49,178990.076,1,0,6.25,3,0
15809100,Nucci,France,32,172448.77,188083.77,178702.77,1,0,25.25,3,1
15757632,Hughes-Jones,France,41,176024.05,182337.98,178549.622,2,0,29.5,2,0
15572361,Chill,Germany,34,164011.48,199420.41,178175.05200000005,1,0,25.25,3,0
15698510,Onwudiwe,Germany,42,181627.14,172668.39,178043.64,2,0,45.5,2,0
15595537,Trout,Germany,49,171787.84,187192.23,177949.59600000002,2,0,45.5,2,0
15738448,Sanford,Germany,25,174330.35,181647.13,177257.062,2,0,18.5,2,0
15763460,Yao,France,33,183768.47,164119.35,175908.822,1,0,41.25,3,0
15797760,Bogdanov,France,40,193354.86,149188.41,175688.27999999997,2,0,33.5,2,0
15610686,Melton,France,63,169832.57,184107.26,175542.446,1,0,22.25,3,1
15743893,Alexeyeva,France,42,164951.56,190531.77,175183.644,1,0,27.25,3,0
15620341,Nwebube,Germany,44,160838.13,196261.64,175007.534,2,0,45.5,2,0
15585047,Onyemere,France,28,160376.61,196853.11,174967.21,1,0,20.25,3,0
15680683,Simmons,Spain,29,197200.04,141453.62,174901.472,2,0,37.5,2,0
15689514,Kang,France,43,201696.07,133020.9,174226.00199999998,1,0,37.25,3,1
15594391,Samaniego,France,68,183555.24,159557.28,173956.05599999998,1,0,10.25,3,1
15746664,Ts'ui,Spain,20,204223.03,128268.39,173841.174,1,0,37.25,3,0
15714241,Haddon,Spain,42,222267.63,101108.85,173804.11800000002,1,0,24.25,3,1
15660646,Fanucci,France,35,156687.1,199320.77,173740.568,1,0,27.25,3,0
15620268,Thomson,Germany,43,212696.32,115268.86,173725.336,1,0,27.25,3,0
15681843,Barbour,Germany,35,180303.24,163587.9,173617.104,2,0,27.5,2,0
15743817,Hargreaves,Germany,40,174126.75,172490.78,173472.36200000002,3,0,49.75,2,1
15629793,Banks,Spain,28,156823.7,198251.52,173394.828,2,0,43.5,2,0
15609824,Fedorov,France,41,176845.41,166526.26,172717.75,3,0,47.75,2,1
15751185,Aparicio,Spain,50,158633.61,193785.87,172694.51399999997,1,0,21.25,3,0
15648075,Hebert,Germany,47,170935.94,173179.79,171833.48,1,0,31.25,3,1
15723907,Lawless,Germany,49,154776.42,196257.68,171368.924,2,0,22.5,2,0
15751137,Lei,Germany,36,169025.83,174235.06,171109.522,1,0,27.25,3,0
15639415,Thompson,France,35,162442.35,183566.78,170892.122,1,0,27.25,3,0
15694444,Buttenshaw,Germany,32,157138.99,190994.48,170681.186,3,0,49.75,2,1
15737748,McWilliam,Spain,33,151233.62,199336.63,170474.824,1,0,12.25,3,0
15654673,Onyinyechukwuka,France,49,173434.9,165580.93,170293.31199999998,1,0,33.25,3,1
15678206,Yeh,France,46,161798.53,182944.47,170256.90600000002,1,0,33.25,3,0
15601719,Fiorentino,Germany,24,156007.09,191368.37,170151.602,1,0,33.25,3,0
15812766,Golubeva,Spain,40,156111.08,190889.13,170022.3,1,0,18.25,3,0
15792729,Holland,Germany,34,176311.36,160213.27,169872.12399999998,1,0,39.25,3,0
15815490,Cocci,Germany,40,164948.98,177028.0,169780.588,3,0,22.75,2,1
15603319,Graham,France,29,151352.74,197145.89,169670.0,1,0,10.25,3,0
15571973,Chinwemma,France,38,169824.46,169291.7,169611.356,1,0,25.25,3,0
15574372,Hoolan,France,35,161274.05,181429.87,169336.378,2,0,37.5,2,0
15604818,Edmund la Touche,France,34,154495.79,191395.88,169255.826,1,0,39.25,3,0
15570051,Gill,Germany,38,179886.41,153122.58,169180.878,2,0,24.5,2,0
15775756,Alexandrova,Germany,33,148055.74,199203.21,168514.728,1,0,22.25,3,0
15650933,Ma,Spain,48,155413.06,187921.3,168416.356,1,0,37.25,3,0
15757385,Milne,Spain,28,161592.76,177834.79,168089.572,1,0,37.25,3,0
15721469,Mach,Germany,45,170295.04,164741.81,168073.74800000002,2,0,30.5,2,0
15747980,Cattaneo,Spain,38,146282.79,198516.2,167176.154,2,0,39.5,2,0
15621075,Ogbonnaya,Germany,45,162150.42,174531.27,167102.76,2,0,29.5,2,0
15727177,Manfrin,France,42,177822.03,150944.31,167070.94199999998,1,0,33.25,3,1
15738662,Daluchi,Germany,41,159434.03,178373.93,167009.99,1,0,39.25,3,0
15771059,Welch,Germany,34,148200.72,194584.48,166754.224,1,0,10.25,3,0
15645200,Chiang,Germany,54,152508.99,187597.98,166544.586,1,0,25.25,3,1
15752507,K?,Germany,60,148846.39,192831.67,166440.502,1,0,39.25,3,1
15663888,Connor,Germany,34,204017.4,109538.35,166225.78,2,0,39.5,2,0
15695492,P'eng,France,29,156569.43,180598.66,166181.122,1,0,33.25,3,0
15569430,Burrows,Spain,36,175509.8,152039.67,166121.748,2,0,31.5,2,0
15656121,Medvedeva,Germany,31,157791.07,177994.81,165872.566,2,0,24.5,2,0
15679249,Chou,Germany,57,163146.46,169621.69,165736.552,1,0,29.25,3,1
15632503,Meng,France,32,148326.09,191604.27,165637.362,1,0,21.25,3,1
15744843,K'ung,Spain,34,144855.34,196555.32,165535.332,1,0,18.25,3,0
15646490,Duffy,Spain,42,190569.23,127154.8,165203.458,1,1,48.25,2,0
15779182,Chia,Spain,46,182364.53,139266.48,165125.31,1,0,22.25,3,1
15716082,Chukwubuikem,Spain,39,152685.4,183656.12,165073.688,1,0,18.25,3,0
15663441,Golibe,Germany,40,148571.07,189826.96,165073.426,1,0,29.25,3,1
15752047,Trevisano,Germany,33,161814.64,169381.9,164841.544,2,0,31.5,2,0
15778936,Ingamells,France,33,147510.34,190611.92,164750.972,1,0,39.25,3,0
15668323,Mbadiwe,France,41,143443.61,196622.28,164715.07799999998,1,0,23.25,3,1
15626507,Chukwubuikem,France,27,152283.39,183271.15,164678.494,1,0,23.25,3,0
15629273,Lin,Germany,42,145177.84,193471.74,164495.4,1,0,37.25,3,1
15689786,Massie,Germany,56,169743.83,155850.4,164186.45799999998,1,0,8.25,3,1
15641640,Uspenskaya,Spain,33,173331.52,150452.88,164180.064,1,0,35.25,3,0
15646276,Metcalfe,France,32,146033.62,191260.74,164124.468,1,0,25.25,3,0
15602845,Udinesi,Germany,41,152102.18,181879.56,164013.13199999998,2,0,31.5,2,0
15702541,Fraser,France,59,166968.28,159483.76,163974.472,1,0,25.25,3,1
15603247,Bruner,Germany,35,146781.24,189307.7,163791.824,1,0,23.25,3,0
15699492,Lorenzo,Germany,27,147435.96,187508.06,163464.8,1,0,10.25,3,0
15617320,Palermo,Spain,46,151709.33,180736.24,163320.09399999998,1,0,27.25,3,0
15782456,Odili,France,46,143267.14,193099.43,163200.05599999998,2,0,30.5,2,0
15757541,Rickard,France,33,151772.63,180249.94,163163.554,2,0,30.5,2,1
15597709,Hornung,France,39,154121.32,176614.86,163118.736,2,0,39.5,2,1
15589793,Onwuamaeze,France,53,144453.75,190998.96,163071.834,1,0,37.25,3,1
15801296,Farber,Germany,37,143258.85,192721.98,163044.102,2,0,41.5,2,0
15704014,K'ung,Germany,37,140950.92,195333.98,162704.14400000003,2,0,41.5,2,0
15765952,Milanesi,France,29,145471.37,188382.77,162635.93,1,0,29.25,3,0
15647782,Brown,Germany,36,152899.24,177130.33,162591.67599999998,2,0,43.5,2,0
15616213,Levy,Germany,51,138214.5,198715.27,162414.80800000002,1,0,39.25,3,1
15792102,Yefremova,France,42,137781.65,199316.19,162395.466,1,0,12.25,3,0
15651713,King,France,45,148071.39,183575.01,162272.838,1,0,33.25,3,0
15698167,Kumm,France,24,148298.59,182913.95,162144.734,2,0,12.5,2,0
15690130,Wyatt,France,32,137649.47,198714.29,162075.39800000002,1,0,22.25,3,0
15747927,Ch'in,France,26,155739.76,171552.02,162064.664,1,0,29.25,3,0
15757759,Okwuoma,Spain,28,165969.26,156122.13,162030.408,3,0,47.75,2,1
15569394,Bailey,France,24,148197.15,182775.08,162028.322,2,0,31.5,2,0
15594576,Zhdanov,France,32,144875.71,187740.04,162021.44199999998,1,0,8.25,3,0
15568963,Naquin,Germany,34,152797.9,175709.4,161962.5,1,0,25.25,3,1
15735522,Boulger,Germany,37,145610.07,186300.59,161886.278,2,0,16.5,2,0
15656522,Sutherland,Spain,32,158537.42,166850.57,161862.68,1,0,41.25,3,0
15766575,Larionova,Germany,62,140745.33,193437.89,161822.354,1,0,37.25,3,1
15667751,Herrera,Spain,36,140137.15,194073.33,161711.62199999997,1,0,23.25,3,0
15613844,Murphy,France,28,146445.24,184317.74,161594.24,2,0,41.5,2,0
15727197,Pinto,France,52,170228.59,148477.57,161528.182,2,0,30.5,2,1
15626135,Combes,France,34,165312.27,155495.63,161385.614,1,0,23.25,3,0
15635277,Coates,Spain,47,142643.54,189310.27,161310.232,1,0,35.25,3,0
15623536,Madukwe,Germany,39,154439.86,171519.06,161271.53999999998,1,0,21.25,3,0
15786014,Ku,France,28,145105.64,185489.11,161259.028,2,0,37.5,2,0
15761497,Udinesi,Spain,48,163760.82,157381.14,161208.948,1,0,8.25,3,1
15679651,Gardiner,Spain,37,136689.66,197890.65,161170.056,1,0,23.25,3,0
15721047,Ansell,Germany,37,135650.88,199428.19,161161.804,1,0,23.25,3,0
15646196,Yeh,Spain,36,155180.56,169415.54,160874.552,2,0,16.5,2,0
15720511,Byrne,Germany,41,151191.31,175295.89,160833.142,1,0,27.25,3,1
15796813,Storey,France,54,167831.88,150159.95,160763.108,2,0,33.5,2,1
15585985,Wang,France,48,165282.42,153786.46,160684.03600000002,1,0,31.25,3,1
15583863,Chimaobim,Germany,49,142946.18,187280.51,160679.912,1,0,22.25,3,1
15805303,Olisanugo,Germany,44,141136.62,189742.78,160579.084,1,0,23.25,3,1
15663489,Onio,Germany,29,138577.34,193362.99,160491.59999999998,1,0,21.25,3,0
15629575,Wheare,France,36,148061.89,179128.69,160488.61000000002,1,0,25.25,3,1
15649450,Repina,Germany,24,143221.35,186035.72,160347.098,2,0,39.5,2,0
15705298,L?,Germany,29,172693.54,141798.98,160335.716,1,0,6.25,3,0
15721779,Arnold,Spain,41,146466.46,180934.67,160253.744,2,0,22.5,2,0
15625964,Buckley,France,43,153313.67,170563.73,160213.69400000002,1,0,16.25,3,0
15694039,Jen,Germany,46,149003.76,176902.83,160163.388,2,0,45.5,2,0
15679297,Volkova,Spain,43,184926.61,122937.57,160130.994,1,0,27.25,3,0
15742613,Warner,Germany,42,152324.66,171733.22,160088.084,2,0,43.5,2,0
15793307,Calabresi,Spain,41,142880.28,185541.2,159944.648,3,0,26.75,2,1
15694628,Walker,Germany,39,157731.6,162820.6,159767.2,2,0,35.5,2,0
15579781,Buccho,Germany,31,138653.51,190803.37,159513.454,1,0,41.25,3,0
15799964,Campbell,Germany,30,139872.81,188795.85,159442.026,1,0,35.25,3,0
15600781,Wu,Germany,34,185173.81,120834.48,159438.07799999998,2,0,35.5,2,0
15788930,Silva,Spain,37,132730.17,199293.01,159355.306,1,0,35.25,3,0
15801395,Warren,France,33,135120.72,195204.99,159154.428,1,0,26.25,3,0
15665376,Lavrentiev,Germany,35,166518.63,147930.46,159083.362,2,0,33.5,2,0
15759066,Carpenter,France,44,136836.49,192359.9,159045.854,1,0,31.25,3,1
15713845,Merrett,France,38,148045.68,175479.92,159019.376,1,0,35.25,3,1
15771966,Akobundu,France,39,146200.01,177944.64,158897.86200000002,1,0,37.25,3,0
15761763,Jamieson,France,33,164385.53,150664.97,158897.306,1,0,37.25,3,0
15691808,King,France,43,134919.85,194691.95,158828.69,1,0,35.25,3,0
15761018,Tan,Germany,50,143829.2,181224.24,158787.216,2,0,31.5,2,1
15701042,Dalton,Germany,27,151027.56,170320.58,158744.76799999998,1,0,25.25,3,0
15657540,Cremonesi,France,50,151215.34,169804.4,158650.96399999998,2,0,37.5,2,0
15796496,Trevisani,France,31,137687.72,190067.12,158639.47999999998,1,0,37.25,3,0
15810457,Miller,Germany,33,150412.14,170764.08,158552.916,2,0,45.5,2,0
15596710,Ku,France,33,167298.42,145381.65,158531.712,1,1,48.25,2,0
15688409,Donaldson,France,28,191864.51,108457.99,158501.902,1,0,25.25,3,1
15648136,Green,Germany,28,152812.58,166682.57,158360.576,1,0,39.25,3,0
15583212,Chidozie,France,43,134022.06,194764.83,158319.168,1,0,31.25,3,0
15756680,Phillips,France,28,165798.1,147090.9,158315.22,1,0,33.25,3,0
15698932,Groves,Germany,44,137452.09,189543.9,158288.814,1,0,41.25,3,0
15610930,Kwemto,Germany,35,139979.07,185662.84,158252.57799999998,1,0,23.25,3,0
15615012,Fan,France,23,156267.59,160968.44,158147.93,1,0,31.25,3,0
15811177,Beneventi,France,31,167949.48,143162.34,158034.624,1,0,27.25,3,0
15610643,De Luca,Germany,44,151739.65,167461.5,158028.39,1,0,27.25,3,0
15594408,Chia,Spain,48,213146.2,75161.25,157952.22,1,0,25.25,3,1
15675854,Douglas,Spain,50,159304.07,155915.24,157948.538,1,1,46.25,2,1
15601569,Ndubueze,France,40,171178.25,137980.58,157899.182,1,0,25.25,3,1
15662243,Taylor,France,50,162702.35,150548.5,157840.81,1,0,16.25,3,1
15730287,Ugonna,France,41,147726.98,172749.4,157735.948,3,0,49.75,2,1
15807245,McKay,Germany,41,200117.76,94142.35,157727.59600000002,2,0,29.5,2,0
15580629,Blackwood,France,31,134837.58,192029.19,157714.224,1,0,33.25,3,0
15707078,Kruglov,France,26,180530.51,123454.62,157700.15399999998,1,0,8.25,3,0
15770995,Sinclair,Germany,47,131160.85,197444.69,157674.386,1,0,23.25,3,0
15665327,Cattaneo,France,18,176139.5,129654.22,157545.388,2,0,31.5,2,0
15672894,McCawley,France,36,129944.39,198914.8,157532.554,2,0,28.5,2,0
15798398,Pagnotto,France,36,135438.4,190627.01,157513.84399999998,1,0,14.25,3,0
15593425,Bracewell,Spain,54,187997.15,111442.71,157375.374,1,0,8.25,3,1
15626147,Maclean,France,62,144976.5,175836.03,157320.31199999998,1,0,22.25,3,1
15738672,Paterson,Germany,40,162485.8,149381.32,157244.008,2,0,31.5,2,0
15681206,Hsing,France,49,168197.66,140765.57,157224.82400000002,1,0,27.25,3,1
15793723,Ch'iu,Germany,32,144272.07,176580.63,157195.494,2,0,45.5,2,0
15677307,Lo,Germany,40,137326.65,186976.6,157186.63,1,0,33.25,3,0
15626787,Wei,Spain,31,185078.26,115337.74,157182.05200000005,1,0,22.25,3,1
15665064,Harvey,France,36,158351.02,155304.53,157132.424,2,0,43.5,2,0
15621195,Ch'eng,Germany,41,147974.16,170518.83,156992.028,2,0,33.5,2,0
15769353,Jenkins,France,40,150490.32,166468.21,156881.476,1,0,22.25,3,1
15656100,Candler,France,49,167962.7,140201.21,156858.104,1,0,16.25,3,0
15624703,Okonkwo,Germany,35,129847.75,197325.4,156838.81,2,0,45.5,2,0
15738828,Milano,Germany,45,152880.97,162478.11,156719.826,1,0,18.25,3,0
15694408,Lung,France,40,139290.41,182855.42,156716.414,1,0,23.25,3,1
15627517,Taylor,Spain,27,149400.27,167522.19,156649.038,1,0,20.25,3,0
15733888,Sells,Spain,36,133686.52,190958.48,156595.304,1,0,27.25,3,1
15755196,Lavine,France,49,131394.56,194365.76,156583.03999999998,1,0,10.25,3,1
15746802,Onio,France,30,131286.46,194144.45,156429.65600000002,1,0,33.25,3,0
15771409,McGregor,France,58,151933.63,162960.05,156344.198,1,0,35.25,3,1
15599251,Chung,Germany,32,184715.86,113781.99,156342.31199999998,2,0,41.5,2,0
15593900,Belousov,France,38,189443.72,106648.58,156325.664,1,1,48.25,2,0
15763093,Nucci,Germany,35,128369.75,198256.15,156324.31,2,0,41.5,2,0
15579996,Iroawuchi,Germany,25,131402.21,193668.49,156308.72199999998,1,0,20.25,3,0
15754578,Okeke,France,35,135984.15,186778.89,156302.046,2,0,27.5,2,0
15708139,Brown,France,40,139532.34,181294.39,156237.16,1,0,23.25,3,0
15795519,Vasiliev,Germany,18,128743.8,197322.13,156175.132,1,0,12.25,3,0
15656417,Marsh,France,39,132077.48,192255.15,156148.548,2,0,29.5,2,0
15591169,Hawes,Germany,49,137455.99,184178.29,156144.91,1,0,29.25,3,1
15769246,Lo Duca,Germany,59,135078.41,187636.06,156101.47,1,0,25.25,3,1
15697441,Hsueh,France,29,182123.79,116828.51,156005.678,1,0,35.25,3,1
15585865,Westerberg,France,38,170061.92,134901.34,155997.688,2,0,16.5,2,1
15710671,Gordon,France,34,137361.96,183682.09,155890.012,1,0,12.25,3,0
15569678,Cocci,Germany,32,166824.59,139451.98,155875.546,1,0,33.25,3,0
15737265,Nwokeocha,Germany,39,152182.83,161203.6,155791.13799999998,1,0,18.25,3,0
15569764,Garner,Germany,41,154007.21,158408.23,155767.618,1,0,25.25,3,0
15796313,Olsen,France,36,166909.2,138871.12,155693.968,2,0,35.5,2,1
15684211,Creel,Spain,44,153656.85,158742.81,155691.234,1,0,39.25,3,0
15748691,Lung,Spain,30,154970.54,156768.45,155689.70400000003,1,1,48.25,2,0
15588944,Maughan,France,63,165350.61,140758.07,155513.59399999998,2,0,14.5,2,1
15705739,Toscani,Germany,32,159904.79,148811.14,155467.33000000002,1,0,31.25,3,0
15632118,Pirozzi,Spain,45,164450.94,141970.02,155458.572,1,0,31.25,3,1
15636872,Amadi,France,32,144705.87,171482.56,155416.546,2,0,28.5,2,0
15659364,Thompson,Spain,23,164902.43,141152.28,155402.37,1,0,16.25,3,0
15716164,Nicholls,France,41,144260.5,172114.67,155402.168,1,0,27.25,3,0
15802106,Craig,France,34,155973.88,154208.96,155267.912,1,0,37.25,3,0
15749381,Yu,France,41,126619.27,198224.38,155261.314,1,0,25.25,3,0
15643903,Yao,France,27,154483.98,156394.74,155248.284,1,0,23.25,3,0
15711309,Sumrall,Germany,33,129834.67,193131.42,155153.37,1,0,27.25,3,0
15646372,Outhwaite,France,66,135842.41,183840.51,155041.65000000002,1,0,23.25,3,1
15648989,Moss,France,37,126872.6,197266.58,155030.19199999998,1,0,29.25,3,0
15787619,Hsieh,France,18,160980.03,145936.28,154962.53,1,0,10.25,3,0
15803337,Baresi,France,23,168372.52,134676.72,154894.19999999998,1,0,39.25,3,0
15732884,Trevisano,France,29,131959.86,189268.81,154883.44,1,0,20.25,3,0
15691874,Kazakova,France,34,125474.44,198929.84,154856.6,1,0,39.25,3,0
15616811,MacDonald,France,47,160729.1,145986.35,154832.0,1,1,46.25,2,0
15680666,Berry,Spain,39,151963.26,158948.63,154757.408,2,0,31.5,2,0
15770405,Warlow-Davies,France,27,125167.74,199104.52,154742.452,1,0,31.25,3,0
15680112,Stewart,Germany,35,131504.73,189560.43,154727.01,1,0,35.25,3,0
15578045,Mitchell,Spain,49,141434.04,173779.25,154372.124,1,0,24.25,3,1
15797960,Skinner,Germany,59,135296.33,182822.5,154306.798,1,0,21.25,3,0
15585100,Rioux,Germany,40,124401.6,198814.24,154166.65600000002,1,0,39.25,3,1
15804721,Boni,France,49,191808.73,97640.2,154141.318,1,0,6.25,3,0
15661473,Boni,Germany,51,126725.25,195259.31,154138.874,1,0,29.25,3,1
15634501,Wei,France,60,140614.15,174381.23,154120.98200000002,1,1,48.25,2,0
15798844,Chijindum,France,54,128914.97,191746.23,154047.47400000002,1,0,20.25,3,1
15655341,Chinagorom,Spain,35,166492.48,135287.74,154010.584,1,0,31.25,3,0
15698522,Thomas,Germany,39,134599.33,183095.87,153997.946,2,0,45.5,2,0
15785373,Wong,Spain,42,190305.78,99347.8,153922.588,1,0,31.25,3,1
15742172,Williamson,Germany,32,123938.6,198894.42,153920.928,2,0,45.5,2,0
15720284,Crawford,Germany,37,135927.06,180890.4,153912.396,1,0,14.25,3,0
15795640,Mai,Germany,35,132371.3,186123.57,153872.20799999998,2,0,14.5,2,0
15583138,Persse,France,42,141642.92,172149.76,153845.65600000002,2,0,31.5,2,0
15674442,Kung,France,23,157761.56,147759.84,153760.872,1,0,20.25,3,0
15764922,Tu,Spain,20,187294.46,103456.47,153759.264,1,0,27.25,3,0
15579223,Niu,Germany,30,127406.5,192950.6,153624.14,1,0,37.25,3,0
15610727,Ch'in,France,36,128829.25,190588.59,153532.986,1,0,35.25,3,0
15724336,Yates,Germany,49,171601.27,126223.84,153450.29799999998,1,0,31.25,3,0
15721377,Chou,France,34,144751.81,166472.81,153440.21,1,0,12.25,3,0
15695819,Bidwill,Germany,43,134740.19,181430.91,153416.478,2,0,37.5,2,0
15692599,Chiemela,France,34,128270.56,191092.62,153399.384,1,0,31.25,3,0
15591047,Ma,Spain,47,157296.02,147278.43,153288.984,2,0,24.5,2,1
15633546,Frederick,Spain,33,124832.51,195877.06,153250.33000000002,1,0,27.25,3,0
15619708,Harker,France,25,157993.15,146041.45,153212.47,2,0,37.5,2,0
15788536,Armit,Germany,40,137430.82,176768.59,153165.928,2,0,16.5,2,0
15696703,Dean,Germany,27,160358.68,142367.72,153162.296,2,0,33.5,2,0
15595162,Cattaneo,Spain,35,122570.69,199005.88,153144.766,1,0,22.25,3,0
15807663,McGregor,France,43,190227.46,97508.04,153139.69199999998,1,0,37.25,3,1
15670345,Mazzi,Germany,33,127211.45,191961.83,153111.602,1,0,18.25,3,0
15581229,Gregory,Germany,32,173340.83,122763.95,153110.07799999998,1,1,48.25,2,0
15680685,Patterson,France,30,165257.2,134822.05,153083.14,1,0,12.25,3,0
15593736,Cook,Germany,46,131769.04,184980.23,153053.516,1,0,20.25,3,1
15776596,Ferri,Spain,39,140094.59,172450.04,153036.77000000002,1,0,33.25,3,1
15763256,Sheppard,Germany,64,128751.65,189398.18,153010.262,2,0,43.5,2,1
15700627,Y?,Germany,46,143500.82,166996.46,152899.076,1,0,25.25,3,1
15600975,Chiemenam,France,54,150005.38,157015.5,152809.428,1,0,29.25,3,1
15785024,Warner,France,40,137409.19,175877.7,152796.59399999998,1,0,39.25,3,1
15762216,Barrera,France,41,129553.76,187599.8,152772.17599999998,2,0,35.5,2,0
15678129,Hill,Spain,45,150840.03,155516.35,152710.55800000002,2,0,45.5,2,0
15789201,Thomson,Germany,35,145623.36,163181.62,152646.664,1,0,39.25,3,0
15778320,Teng,Germany,40,148495.64,158853.98,152638.97600000002,1,0,16.25,3,0
15753955,Lori,Spain,34,149940.04,156648.81,152623.548,2,0,26.5,2,0
15689594,Su,France,29,179539.2,112010.02,152527.528,1,0,16.25,3,0
15813504,Onyemachukwu,Germany,25,146566.01,161407.48,152502.598,1,1,48.25,2,0
15778696,Ikemefuna,Spain,36,174180.39,119830.08,152440.266,1,0,31.25,3,0
15657449,Chukwuma,Germany,25,136202.78,176743.51,152419.072,1,0,27.25,3,0
15639357,Allan,France,46,134950.19,178587.36,152405.05800000002,3,0,36.75,2,1
15689953,Toscani,Spain,43,128226.37,188486.94,152330.598,1,0,26.25,3,0
15737832,Robertson,Spain,45,139825.56,170984.97,152289.324,1,0,6.25,3,1
15647898,Russell,Spain,50,130554.51,184758.17,152235.974,3,0,43.75,2,1
15755225,Ryan,Germany,34,134464.58,178833.34,152212.08399999997,2,0,45.5,2,0
15685653,Benson,Germany,40,162261.01,137028.51,152168.01,2,0,33.5,2,0
15756539,Marshall,Germany,39,165610.41,131852.01,152107.05,2,0,26.5,2,0
15639077,Marchesi,France,30,158584.82,142342.55,152087.912,3,0,37.75,2,1
15691119,Martin,Germany,68,136525.99,175399.14,152075.25,1,0,14.25,3,0
15605134,Bond,France,34,131244.65,183229.02,152038.398,2,0,27.5,2,0
15593973,Wilkie,Spain,33,122528.18,196260.3,152021.028,1,0,37.25,3,0
15737310,Thompson,France,29,130206.28,184654.87,151985.716,1,0,41.25,3,0
15640106,Mason,France,40,124339.9,193309.58,151927.772,1,0,20.25,3,0
15753639,Gibson,France,37,146093.39,160593.41,151893.398,2,0,22.5,2,0
15791944,Harker,France,32,175464.85,116442.42,151855.878,3,0,47.75,2,1
15650086,Uchenna,France,43,165896.0,130795.52,151855.808,2,0,31.5,2,0
15633574,Montes,France,41,167545.32,128246.81,151825.916,1,0,29.25,3,0
15624793,Soubeiran,Germany,23,184244.86,103099.22,151786.604,1,0,31.25,3,0
15747807,Gallagher,France,43,137824.03,172557.77,151717.52599999998,2,0,39.5,2,0
15751748,Trevisani,France,51,148222.65,156953.54,151715.006,1,0,10.25,3,1
15702095,Clarke,Spain,56,128472.8,186476.91,151674.44400000002,1,0,23.25,3,1
15737910,Houghton,Germany,35,140691.08,167810.26,151538.75199999998,2,0,37.5,2,0
15690540,Gearheart,Spain,41,134177.06,177506.66,151508.9,1,0,8.25,3,0
15614302,Crotty,Germany,31,125837.86,189392.66,151259.78,2,0,47.5,2,0
15748552,Sal,Germany,37,155994.15,143665.44,151062.666,1,0,14.25,3,0
15602043,Buccho,Germany,46,141788.63,164967.21,151060.062,2,0,22.5,2,0
15686835,Crawford,Germany,57,148384.64,155047.11,151049.628,1,0,24.25,3,1
15761713,Johnstone,France,43,178074.33,110405.9,151006.95799999998,1,0,20.25,3,0
15791216,Mann,Germany,43,133379.41,177378.66,150979.11,1,0,37.25,3,1
15772604,Chiemezie,Spain,36,157267.95,141533.19,150974.046,2,0,29.5,2,0
15633930,Yobachukwu,Spain,56,157559.59,140991.23,150932.246,2,0,39.5,2,1
15742798,French,France,22,150126.44,152107.93,150919.036,1,0,35.25,3,1
15583725,Mairinger,France,48,138778.15,168840.23,150802.98200000002,1,1,48.25,2,0
15771702,Roberts,France,35,166118.45,127827.18,150801.942,2,0,37.5,2,0
15660101,Nnonso,France,31,157120.86,141300.53,150792.728,2,0,45.5,2,0
15578369,Chiedozie,Germany,37,145219.3,159132.83,150784.712,1,0,39.25,3,0
15619972,Akabueze,France,47,167664.83,125440.11,150774.94199999998,1,0,24.25,3,1
15747591,Chung,Spain,40,173432.55,116766.79,150766.24599999998,1,1,48.25,2,0
15694376,Sullivan,Germany,64,153469.26,146573.66,150711.02000000002,3,0,24.75,2,1
15766289,Dickinson,France,47,142669.93,162760.96,150706.342,2,0,37.5,2,0
15578809,Hao,Germany,40,134760.21,174434.06,150629.75,2,0,14.5,2,1
15780088,Porter,Spain,34,132439.99,177747.72,150563.082,1,0,39.25,3,0
15640078,Chambers,Germany,39,135134.99,173683.0,150554.194,1,0,31.25,3,1
15811026,Norman,Germany,43,136855.94,171070.52,150541.772,2,0,37.5,2,0
15633352,Okwukwe,France,31,175443.75,113167.17,150533.11800000002,1,0,33.25,3,1
15640161,Calabrese,Germany,44,157955.83,139297.71,150492.582,2,0,22.5,2,0
15703413,Montes,France,38,125328.56,188225.67,150487.404,1,0,35.25,3,0
15757829,Timperley,Germany,40,137389.77,170122.22,150482.75,2,0,47.5,2,0
15775662,McKay,France,43,121911.59,193312.33,150471.886,1,0,37.25,3,0
15603851,Galkin,France,32,127785.17,184464.7,150456.98200000002,4,0,39.0,2,1
15620570,Sinnett,France,43,202443.47,72375.03,150416.09399999998,1,0,29.25,3,0
15647570,Chung,Germany,45,120591.19,195123.94,150404.28999999998,1,0,22.25,3,0
15713975,Gibson,Germany,47,139756.12,165849.49,150193.468,1,0,41.25,3,1
15711571,Y?,Spain,42,120233.83,194890.33,150096.43,1,0,31.25,3,0
15594450,Tomlinson,France,49,159458.53,135841.35,150011.658,1,0,39.25,3,0
15587066,Kovaleva,France,38,119272.29,195896.59,149922.01,1,0,10.25,3,1
15767722,Richardson,France,39,117704.73,197933.5,149796.238,1,0,21.25,3,0
15633108,Thorpe,France,26,139848.17,164696.27,149787.41,1,0,29.25,3,0
15752375,Ojiofor,Germany,33,149564.61,149913.84,149704.302,1,0,22.25,3,0
15635078,Chiemela,Spain,45,124693.48,187194.15,149693.748,1,1,46.25,2,0
15745433,Conti,Germany,30,205770.78,65464.66,149648.332,2,0,16.5,2,0
15740442,May,France,51,186825.57,93739.71,149591.22600000002,1,0,37.25,3,1
15768137,Bray,Spain,23,136100.69,169669.33,149528.146,2,0,24.5,2,1
15642468,Clark,France,42,132739.26,174667.65,149510.61599999998,2,0,30.5,2,0
15669262,Maslov,France,43,157960.49,136602.8,149417.414,2,0,30.5,2,0
15680234,Bray,Germany,27,138032.15,166317.71,149346.374,1,0,25.25,3,0
15683993,Knight,France,37,142987.46,158840.99,149328.872,2,0,43.5,2,0
15699284,Johnson,France,49,172713.44,113860.81,149172.388,1,0,37.25,3,0
15701962,Scott,Spain,29,166930.76,122487.73,149153.548,2,0,31.5,2,0
15750811,Woodward,Germany,44,116822.7,197643.24,149150.916,1,0,12.25,3,0
15679283,Parkhill,France,33,129731.64,178123.86,149088.528,2,0,35.5,2,0
15616550,Chidiebele,Germany,44,116363.37,198059.16,149041.686,2,0,47.5,2,0
15578251,Fang,France,37,186347.97,92809.73,148932.674,2,0,31.5,2,0
15603170,Kang,France,32,121455.65,190068.53,148900.802,1,0,39.25,3,1
15793116,Beneventi,Germany,40,117304.29,196278.32,148893.902,1,0,20.25,3,0
15628298,Johnstone,Spain,47,128486.11,179227.12,148782.514,1,0,37.25,3,0
15651533,Brown,Germany,50,129293.74,177805.44,148698.42,1,0,31.25,3,1
15654574,Onyekachi,Germany,36,131142.53,174918.46,148652.902,2,0,37.5,2,0
15744914,Moore,Germany,42,177728.55,105013.63,148642.582,1,0,23.25,3,0
15729557,Olisaemeka,Germany,36,119984.07,191535.11,148604.48599999998,1,0,31.25,3,1
15569446,Tu,France,34,122338.43,187985.85,148597.398,2,0,43.5,2,0
15606273,Rene,France,37,144235.73,154957.66,148524.502,2,0,22.5,2,1
15648030,Crump,Spain,33,137388.01,165000.68,148433.07799999998,2,0,37.5,2,0
15618562,Woodward,Germany,40,140306.38,160618.61,148431.272,1,0,21.25,3,1
15576044,Macdonald,Germany,28,150329.15,145558.42,148420.858,1,0,33.25,3,0
15679968,Ting,France,40,118788.57,192867.4,148420.102,1,0,31.25,3,0
15658067,Walker,Germany,48,120568.41,190160.04,148405.062,1,0,27.25,3,1
15651063,Ifeatu,Germany,37,127480.58,179634.69,148342.224,2,0,45.5,2,0
15741092,Ingram,Spain,34,153360.02,140509.86,148219.95599999998,1,0,41.25,3,0
15591698,P'eng,Germany,49,132934.89,171056.65,148183.594,1,0,39.25,3,1
15569274,Pisano,Germany,49,116933.11,195053.58,148181.298,1,0,25.25,3,1
15735687,Chinweuba,Spain,37,157084.99,134767.13,148157.846,1,0,25.25,3,0
15785547,Slye,France,28,191402.82,83238.4,148137.052,2,0,43.5,2,0
15776233,Kruglova,Germany,61,125397.21,182184.09,148111.962,1,0,37.25,3,1
15594404,Bevan,France,49,160602.25,129273.94,148070.92599999998,2,0,43.5,2,0
15669253,Gibson,Spain,39,157691.98,133600.89,148055.54400000002,2,0,41.5,2,1
15756125,Booth,Spain,44,140856.16,158735.1,148007.736,2,0,37.5,2,0
15743498,Winter,Germany,52,137755.76,163191.99,147930.252,1,0,39.25,3,1
15693690,Iweobiegbunam,Spain,52,115532.52,196257.67,147822.58000000002,1,0,35.25,3,0
15784687,Simmons,France,36,126477.42,179718.17,147773.72,1,0,8.25,3,0
15807269,Milanesi,Germany,43,166522.78,119644.59,147771.504,1,0,10.25,3,1
15723721,Tinline,France,30,140916.81,157711.18,147634.558,1,0,29.25,3,0
15789379,Zetticci,France,26,130428.78,173365.89,147603.624,1,0,33.25,3,0
15599152,Lai,France,31,156111.24,134790.74,147583.03999999998,1,0,8.25,3,0
15799859,Lucchesi,France,50,165438.26,120770.75,147571.256,1,0,29.25,3,1
15664639,McGregor,France,19,128514.84,175969.19,147496.58000000002,1,0,24.25,3,0
15639590,Melendez,France,30,141581.08,156249.06,147448.272,1,0,27.25,3,0
15573628,Greene,Germany,51,148074.79,146411.41,147409.438,1,0,35.25,3,1
15657957,Hughes,Germany,26,113674.2,197861.16,147348.984,1,0,37.25,3,1
15668248,Quinn,Germany,62,133201.17,168507.68,147323.774,1,0,20.25,3,1
15740237,Millar,Germany,36,116695.27,193201.86,147297.906,1,0,10.25,3,0
15774224,Nixon,Germany,30,131563.88,170638.98,147193.91999999998,2,0,37.5,2,0
15753332,Loftus,Germany,48,128140.17,175753.55,147185.522,1,0,37.25,3,1
15621768,Chukwuhaenye,Spain,45,112994.65,198398.68,147156.262,1,0,18.25,3,0
15731669,Szabados,France,39,129709.62,173197.12,147104.62,1,0,25.25,3,0
15782641,Brown,Spain,29,119670.18,188022.44,147011.084,1,0,27.25,3,0
15712849,Tung,Germany,41,126550.7,177644.52,146988.228,1,0,12.25,3,1
15666295,Smith,Germany,50,113957.01,196526.55,146984.826,2,0,29.5,2,1
15705512,Welch,Germany,37,167864.4,115638.29,146973.956,1,0,33.25,3,0
15678146,Wong,Spain,24,173962.32,106457.11,146960.236,1,0,20.25,3,1
15686611,Moss,France,30,129755.99,172749.65,146953.454,1,0,26.25,3,0
15584505,Hill,France,23,113923.81,196241.43,146850.858,2,0,22.5,2,0
15749951,Sacco,Germany,27,126285.73,177614.17,146817.106,1,0,31.25,3,1
15764604,Sutherland,France,35,164769.02,119814.25,146787.112,3,0,47.75,2,1
15737509,Morrison,Spain,34,199229.14,68106.29,146780.0,1,0,22.25,3,0
15766458,Tang,France,33,198113.86,69664.35,146734.05599999998,1,0,23.25,3,0
15705515,Lazarev,Germany,40,138241.9,159418.1,146712.38,2,0,37.5,2,0
15585379,Humphries,France,39,111525.02,199484.96,146708.99599999998,1,0,25.25,3,0
15756804,O'Loghlen,France,48,170833.46,110510.28,146704.188,1,0,23.25,3,1
15776348,Rogers,Germany,20,124365.42,180197.74,146698.348,1,0,14.25,3,1
15722701,Bruno,Germany,18,132694.73,167689.56,146692.662,1,0,23.25,3,0
15694765,Sabbatini,Germany,49,113882.33,195813.81,146654.92200000002,1,0,33.25,3,1
15661548,Ferri,France,29,157829.12,129891.66,146654.136,1,0,6.25,3,0
15776128,Hs?,France,44,155114.9,133871.83,146617.672,1,0,18.25,3,0
15586310,Ting,France,30,169462.09,112187.11,146552.098,1,0,29.25,3,0
15728838,Leach,France,45,148600.91,143397.14,146519.402,1,0,23.25,3,1
15812040,Lorenzo,France,36,153880.15,135431.72,146500.778,1,0,18.25,3,0
15770974,Nwabugwu,Germany,37,170840.08,109843.16,146441.312,2,0,28.5,2,0
15595135,Solomon,Germany,29,123229.46,181221.09,146426.11200000002,1,0,35.25,3,0
15750638,Obiajulu,Germany,33,116765.7,190659.17,146323.088,1,0,16.25,3,1
15666548,Chung,Germany,56,111920.13,197634.11,146205.722,3,0,37.75,2,1
15730353,Olisaemeka,Germany,29,145294.08,147484.13,146170.09999999998,2,0,45.5,2,0
15709531,Harding,France,38,114756.14,193214.05,146139.304,1,0,25.25,3,0
15650258,Sinclair,France,35,113090.4,195649.79,146114.15600000002,1,0,25.25,3,0
15738148,Clarke,France,51,122522.32,181297.65,146032.452,1,0,22.25,3,1
15649101,Reeves,France,40,127847.86,173245.68,146006.988,1,0,26.25,3,0
15589572,Otutodilichukwu,Spain,61,129855.72,170214.82,145999.36,2,0,35.5,2,1
15592583,Colman,France,47,115414.19,191734.67,145942.38199999998,3,0,20.75,2,1
15687421,Highland,Spain,67,125919.35,175910.95,145915.99,1,0,39.25,3,1
15677395,Nwabugwu,France,39,129189.15,170998.83,145913.022,2,0,30.5,2,0
15724145,William,Germany,29,149318.55,140746.13,145889.582,1,0,37.25,3,0
15706534,Enyinnaya,France,47,122949.14,180251.68,145870.15600000002,1,0,8.25,3,1
15724620,Dodds,France,37,134752.08,162511.55,145855.868,1,0,23.25,3,0
15742824,Isayeva,Germany,42,162318.61,121061.89,145815.922,1,0,35.25,3,0
15674433,Allan,Germany,28,115265.14,191627.85,145810.224,1,0,10.25,3,0
15670587,Yang,Germany,25,111363.1,197264.35,145723.6,2,0,47.5,2,0
15726855,Oliver,Germany,45,116585.97,189428.75,145723.082,1,0,39.25,3,1
15680706,Balashov,Germany,48,131834.8,166476.95,145691.66,1,0,29.25,3,1
15781989,Drake-Brockman,France,42,120094.93,184056.45,145679.538,1,0,39.25,3,0
15612524,Hunt,Germany,41,127841.52,172363.41,145650.276,1,0,25.25,3,0
15683124,Evans,France,53,115029.4,191521.32,145626.168,1,0,18.25,3,1
15769272,Clark,France,26,136214.08,159742.33,145625.38,1,0,18.25,3,0
15661629,Ricci,Spain,34,126436.29,174248.52,145561.18199999997,1,0,39.25,3,1
15623314,Tucker,Germany,59,190353.08,78365.75,145558.148,1,0,27.25,3,0
15677796,Becher,Germany,47,129289.98,169935.46,145548.172,1,0,39.25,3,1
15576196,Benson,Spain,48,118207.69,186489.14,145520.27000000002,2,0,22.5,2,1
15697606,Sturdee,France,21,125712.2,175072.47,145456.308,1,0,26.25,3,0
15689201,Dobie,France,49,120108.56,183421.76,145433.84000000003,1,1,48.25,2,0
15791114,Yegorova,France,37,135179.49,160670.37,145375.842,1,0,23.25,3,0
15705953,Kodilinyechukwu,Spain,51,169312.13,109078.35,145218.61800000002,1,0,21.25,3,1
15709920,Burke,France,33,208165.53,50774.81,145209.242,1,0,10.25,3,1
15570990,Begley,Spain,30,145222.99,145160.96,145198.178,2,0,20.5,2,0
15694395,Ts'ui,France,29,138740.24,154700.61,145124.38799999998,2,0,14.5,2,0
15633274,Tai,France,34,160515.37,121904.14,145070.878,1,0,35.25,3,0
15799924,Sanchez,Spain,43,147167.25,141679.73,144972.242,1,0,8.25,3,0
15804142,Tan,Spain,57,175575.95,99061.75,144970.27000000002,2,0,33.5,2,1
15647975,Vida,Germany,26,147037.32,141763.26,144927.696,1,0,16.25,3,0
15619343,Mahmood,France,56,152759.0,133167.11,144922.244,2,0,41.5,2,1
15696744,Miller,France,31,119794.67,182528.44,144888.178,1,0,12.25,3,0
15756481,Garcia,France,39,118336.14,184691.77,144878.392,1,0,27.25,3,0
15597239,Ku,Spain,39,131468.44,164975.82,144871.392,1,0,35.25,3,0
15566253,Manning,Germany,44,143391.07,146891.07,144791.07,1,0,24.25,3,1
15781234,Y?an,France,35,147900.43,140000.29,144740.374,1,0,25.25,3,0
15720943,Pirozzi,France,45,114959.12,189362.39,144720.428,1,0,23.25,3,1
15775490,Downie,France,38,110570.78,195906.59,144705.104,2,0,37.5,2,0
15600720,Moore,Spain,41,115144.68,188905.43,144648.97999999998,1,0,37.25,3,0
15623210,Smith,Germany,55,149349.58,137519.92,144617.716,3,0,34.75,2,1
15661670,Chidozie,Germany,31,107818.63,199725.39,144581.33400000003,1,0,37.25,3,1
15713637,Chinedum,France,34,117468.67,185227.42,144572.16999999998,1,0,25.25,3,0
15749123,Sokolova,Spain,45,157332.26,125424.42,144569.124,1,0,35.25,3,0
15764448,Mackenzie,Germany,35,144037.6,145325.32,144552.688,1,0,21.25,3,0
15757867,Bray,France,30,176173.52,97045.32,144522.24,1,0,41.25,3,1
15728012,Everett,Spain,40,128398.38,168658.3,144502.348,1,0,27.25,3,0
15600357,Findlay,France,40,140197.71,150720.39,144406.782,2,0,29.5,2,0
15629885,Wilson,France,33,118004.26,183983.82,144396.084,1,0,35.25,3,0
15791131,Chimaijem,Germany,30,143340.44,145796.49,144322.86,1,0,25.25,3,0
15610711,Eluemuno,Germany,40,128644.46,167673.37,144256.024,1,0,22.25,3,0
15727391,Collier,Germany,29,144553.5,143454.95,144114.08000000002,2,0,45.5,2,0
15674950,Ebelechukwu,Germany,39,142406.43,146637.45,144098.838,2,0,35.5,2,0
15713160,Lin,Spain,25,157228.61,124382.9,144090.326,2,0,41.5,2,0
15588537,Robinson,Spain,41,109013.23,196499.96,144007.922,1,0,39.25,3,0
15579130,Chidiegwu,Germany,43,118994.84,181499.77,143996.81199999998,1,0,21.25,3,1
15720687,Chidubem,France,41,112609.91,191035.18,143980.01799999998,1,0,14.25,3,1
15735400,Kanayochukwu,France,28,179960.2,89938.08,143951.352,1,0,37.25,3,0
15809286,Burke,Germany,37,138292.64,152422.91,143944.74800000002,2,0,28.5,2,1
15750731,Trevisani,Germany,50,116309.01,185360.4,143929.566,1,0,39.25,3,1
15572038,Chijindum,Germany,35,113948.58,188891.96,143925.932,1,0,39.25,3,1
15627801,Ginikanwa,Spain,33,176666.62,94670.77,143868.28,1,0,27.25,3,0
15574122,Tien,France,34,129278.43,165562.84,143792.194,1,0,16.25,3,0
15696989,Chukwueloka,Germany,52,139493.25,150093.32,143733.278,3,0,34.75,2,1
15574910,Ferguson,France,50,115625.07,185855.21,143717.126,1,0,25.25,3,0
15587562,Hawkins,France,29,130114.39,164017.89,143675.78999999998,1,0,29.25,3,0
15778005,Kemp,France,39,130147.98,163798.41,143608.152,1,0,23.25,3,1
15600934,Randell,France,52,125095.94,171189.83,143533.49599999998,1,0,35.25,3,1
15609758,Geoghegan,France,45,158621.04,120892.96,143529.80800000002,1,0,35.25,3,1
15731890,Chukwukere,France,41,123971.16,172814.99,143508.69199999998,1,1,48.25,2,0
15786153,McKenzie,Germany,47,137774.11,151902.78,143425.57799999998,2,0,45.5,2,0
15569438,Mai,Germany,36,106702.94,198313.69,143347.24,2,0,32.5,2,0
15585367,Diribe,Germany,46,120392.99,177719.88,143323.74599999998,1,0,29.25,3,1
15592578,Nucci,Spain,41,146997.64,137791.18,143315.056,2,0,26.5,2,0
15639576,Burns,France,26,136623.19,153228.0,143265.114,1,0,39.25,3,0
15653762,Chidiebele,France,39,117301.66,182025.95,143191.376,1,0,24.25,3,0
15583076,Deleon,Germany,41,106116.56,198766.61,143176.58,2,0,39.5,2,0
15641733,Mishina,France,34,164757.56,110748.88,143154.088,1,0,31.25,3,0
15787161,Pisani,Germany,46,129269.27,163504.33,142963.294,1,0,29.25,3,0
15732266,Field,Germany,53,127997.83,165378.66,142950.162,1,0,31.25,3,1
15725762,Kemp,France,24,122168.65,174107.04,142944.006,1,0,29.25,3,0
15574480,Ubanwa,Spain,31,132862.59,158054.49,142939.34999999998,1,0,8.25,3,0
15692416,Aikenhead,Spain,52,143542.36,141959.11,142909.06,3,0,49.75,2,1
15726354,Smith,France,32,123157.95,172531.23,142907.262,1,0,33.25,3,0
15642530,Coates,Germany,47,144090.42,140938.95,142829.83200000002,1,0,41.25,3,1
15693877,Stewart,France,47,123365.34,171995.34,142817.34,2,0,18.5,2,0
15760456,Eberechukwu,France,38,123711.73,171340.68,142763.31,2,0,47.5,2,1
15667871,Kerr,Spain,35,152390.26,128123.66,142683.62,1,0,29.25,3,0
15716155,Shaw,France,36,156021.31,122662.98,142677.978,1,0,16.25,3,0
15681316,Tai,France,41,120549.29,175722.31,142618.498,2,0,27.5,2,0
15730759,Chukwudi,France,27,135637.0,153080.4,142614.36,1,0,39.25,3,1
15614491,Lockyer,France,39,139153.68,147662.33,142557.14,2,0,33.5,2,0
15788494,Alekseeva,France,31,145875.74,137491.23,142521.936,1,0,37.25,3,0
15773751,Y?,France,29,132144.35,158086.33,142521.142,1,0,23.25,3,0
15626322,Lees,Spain,29,127570.93,164756.81,142445.282,2,0,45.5,2,0
15650889,Golubev,Germany,30,133537.1,155593.74,142359.756,2,0,47.5,2,0
15566295,Sanders,France,33,138053.79,148779.41,142344.038,2,0,39.5,2,0
15644453,Loggia,Germany,41,132670.53,156476.36,142192.862,1,0,29.25,3,1
15723827,Macartney,France,30,114779.35,183171.47,142136.198,1,0,14.25,3,0
15792228,Onwumelu,France,60,152335.7,126743.33,142098.752,1,0,21.25,3,1
15580493,Chin,France,33,127818.52,163477.22,142082.0,1,0,23.25,3,0
15773469,Clark,Germany,27,152328.88,126494.82,141995.256,2,0,30.5,2,0
15787907,Wang,Germany,42,137227.04,149097.38,141975.176,3,0,43.75,2,1
15710295,Patrick,Germany,38,119413.62,175756.36,141950.716,2,0,39.5,2,0
15662403,Kryukova,France,32,169089.38,101057.95,141876.808,2,0,39.5,2,0
15802071,Levi,Germany,35,117458.51,178361.48,141819.698,1,1,48.25,2,1
15787189,Tai,Germany,60,134250.17,153046.16,141768.566,3,0,34.75,2,1
15582492,Moore,France,29,112367.34,185630.76,141672.70799999998,1,0,25.25,3,0
15568032,Moore,Germany,31,127320.36,163170.32,141660.344,3,0,35.75,2,0
15607874,Keane,France,38,144450.58,137276.83,141581.08,1,1,46.25,2,0
15698117,Jerger,Germany,41,150844.94,127623.36,141556.308,1,1,46.25,2,0
15624755,Pepper,Germany,40,109628.44,189366.03,141523.476,1,0,27.25,3,0
15585249,Mironova,France,42,106036.52,194686.78,141496.624,1,0,33.25,3,1
15709741,Hussain,France,28,107141.27,193018.71,141492.24599999998,1,0,29.25,3,0
15645496,Seleznyova,France,43,139972.18,143668.58,141450.74,1,0,35.25,3,0
15730590,Ko,Germany,40,115409.18,180456.8,141428.228,2,0,14.5,2,0
15593795,Linton,Germany,53,156674.2,118502.34,141405.456,1,0,23.25,3,1
15606601,Rishel,France,22,186788.96,73286.8,141388.096,2,0,39.5,2,0
15619304,Onio,France,42,159660.8,113931.57,141369.108,3,0,49.75,2,1
15617078,Ewing,France,44,148481.09,130529.13,141300.30599999998,1,0,33.25,3,0
15735388,Wayn,France,25,108664.85,190011.85,141203.65000000002,2,0,41.5,2,0
15784676,Fanucci,France,51,125268.03,165082.25,141193.718,2,0,39.5,2,0
15663312,Marino,France,35,112727.06,183752.91,141137.4,2,0,45.5,2,0
15660316,Stephenson,Germany,34,135549.9,149471.13,141118.392,1,0,8.25,3,1
15638149,Rowley,France,37,103772.45,197111.99,141108.266,1,0,33.25,3,0
15806049,Lee,Germany,49,140510.89,141914.94,141072.51,1,0,31.25,3,0
15727811,Ts'ui,Germany,47,109493.62,188324.01,141025.776,1,0,6.25,3,1
15689517,Hales,France,27,127009.83,161909.95,140969.87800000003,1,0,27.25,3,0
15702298,Parkhill,Germany,41,125561.97,164040.94,140953.55800000002,1,0,22.25,3,1
15693326,Whitehouse,France,42,125437.14,164128.58,140913.716,2,0,26.5,2,0
15706005,Roberts,France,46,174701.05,90189.72,140896.51799999998,1,0,25.25,3,1
15630244,Chu,France,40,134320.23,150757.35,140895.078,2,0,47.5,2,0
15792064,Pai,Germany,53,114421.55,180598.28,140892.242,1,0,31.25,3,1
15667458,L?,Germany,28,124023.18,166188.28,140889.22,1,0,41.25,3,0
15690829,Sandefur,Germany,49,137115.16,146516.86,140875.84,1,0,27.25,3,1
15770345,Kovaleva,Spain,31,139183.06,143360.56,140854.06,1,1,48.25,2,0
15607988,Garland,Germany,37,155303.71,118716.63,140668.878,1,0,37.25,3,0
15748718,Gordon,France,28,115062.61,179056.23,140660.05800000002,1,0,25.25,3,0
15736601,Tai,France,35,144428.87,134132.65,140310.38199999998,1,0,29.25,3,0
15594928,Pagnotto,Germany,38,129055.13,157147.59,140292.114,1,0,29.25,3,0
15654230,Miller,Germany,31,145537.21,132404.64,140284.182,1,0,31.25,3,0
15597909,Johnstone,Germany,33,128135.99,158437.73,140256.686,1,0,35.25,3,0
15796612,Ch'ang,France,31,112203.25,182266.01,140228.354,1,0,23.25,3,0
15785170,Neal,Germany,32,116968.91,175094.62,140219.19400000002,1,0,6.25,3,0
15635396,Thompson,Germany,29,139106.19,141872.05,140212.534,1,0,39.25,3,1
15731555,Ross-Watt,Germany,45,106000.12,191448.96,140179.656,1,0,24.25,3,1
15685920,Lombardo,Spain,34,101506.66,198030.24,140116.092,1,0,10.25,3,0
15629323,Kelechi,Germany,37,116471.43,175324.74,140012.754,2,0,35.5,2,1
15616525,Sopuluchi,Spain,31,141356.47,137985.69,140008.158,1,0,14.25,3,0
15675794,Hsing,Germany,47,152076.93,121840.2,139982.238,1,0,39.25,3,1
15708212,Lin,Spain,54,118241.02,172586.89,139979.36800000002,1,0,35.25,3,1
15771873,Buccho,Germany,37,103769.22,194099.12,139901.18,2,0,31.5,2,0
15752578,Yefimova,France,37,133968.96,148689.65,139857.23599999998,2,0,31.5,2,0
15766288,Ikechukwu,Germany,36,103700.69,194072.56,139849.438,1,0,31.25,3,1
15787756,Nkemdirim,Germany,51,114514.71,177784.68,139822.698,2,0,47.5,2,1
15609998,Okwudilichukwu,Germany,59,137648.41,142977.05,139779.866,1,0,31.25,3,1
15589312,Larkin,France,30,115007.08,176858.5,139747.648,1,0,12.25,3,0
15601811,Caldwell,France,53,110240.04,183980.56,139736.248,1,0,26.25,3,1
15752801,Bradshaw,Germany,29,125961.74,160303.08,139698.27599999998,2,0,45.5,2,1
15602934,Dunn,France,33,131698.57,151623.91,139668.706,2,0,39.5,2,0
15757912,Bradley,Germany,37,125977.81,160162.42,139651.654,1,0,6.25,3,0
15700046,Yuan,France,41,103544.88,193746.55,139625.548,2,0,35.5,2,0
15693764,Mai,Spain,52,136298.65,144593.3,139616.50999999998,1,0,21.25,3,1
15684669,Parkes,France,41,137891.35,142009.46,139538.59399999998,1,0,39.25,3,1
15605275,Ofodile,Germany,45,116917.07,173464.43,139536.014,1,0,22.25,3,1
15689633,Toomey,Spain,38,112803.92,179631.85,139535.092,1,0,25.25,3,0
15629390,Liao,France,37,135847.47,144880.81,139460.806,1,0,35.25,3,0
15696514,Calabrese,Germany,37,104414.03,192026.02,139458.826,1,0,33.25,3,0
15669805,Warren,Germany,31,99557.94,199255.32,139436.892,1,0,23.25,3,0
15780038,Paterson,Spain,38,119208.85,169763.89,139430.866,1,0,33.25,3,1
15590993,Findlay,Spain,37,152212.88,120219.14,139415.38400000002,2,0,22.5,2,0
15705707,Bennelong,Spain,29,138296.94,141075.51,139408.36800000002,2,0,43.5,2,0
15617301,Chamberlin,Germany,36,130809.77,152290.28,139401.974,1,0,39.25,3,0
15703482,Walker,Germany,34,134260.36,147074.67,139386.084,2,0,45.5,2,0
15573888,Ponomaryov,Germany,43,107963.38,186438.86,139353.572,1,0,8.25,3,1
15660840,Kalinin,France,30,124119.54,162198.32,139351.052,1,0,27.25,3,0
15628205,Greco,Germany,34,101736.66,195651.66,139302.66,1,1,48.25,2,0
15634891,Jamison,Germany,43,102365.49,194690.77,139295.602,1,0,35.25,3,1
15767231,Sun,France,36,144852.06,130861.95,139256.016,1,0,20.25,3,0
15698664,Liang,Spain,43,115643.58,174606.35,139228.68800000002,2,0,16.5,2,0
15654341,Chao,France,34,101116.06,196395.05,139227.65600000002,1,0,37.25,3,0
15690337,Chinwenma,France,27,102258.11,194681.6,139227.506,2,0,37.5,2,0
15813974,Maruff,Germany,37,116880.53,172718.35,139215.658,1,0,12.25,3,1
15582168,Muravyova,Germany,61,149525.34,123663.63,139180.65600000002,2,0,35.5,2,0
15634359,Dyer,Germany,41,98635.77,199970.74,139169.758,1,0,31.25,3,0
15788683,Kang,Germany,34,129417.82,153727.32,139141.62,1,0,41.25,3,0
15568046,Izuchukwu,France,24,109558.36,183515.13,139141.06800000003,1,0,35.25,3,0
15697100,Wright,Germany,48,108736.52,184564.67,139067.78,1,0,33.25,3,1
15627699,Pirogova,France,32,105000.23,190019.61,139007.982,1,0,41.25,3,0
15697597,Chiemenam,France,26,149144.61,123697.95,138965.946,1,1,48.25,2,0
15720637,Bell,Germany,46,120530.34,166586.99,138953.0,1,0,41.25,3,1
15590327,Liao,Germany,42,166031.45,98293.14,138936.12600000002,1,0,41.25,3,0
15706200,Graham,Germany,41,138014.4,140298.24,138927.936,2,0,31.5,2,0
15774738,Campa,France,44,107764.75,185667.72,138925.938,1,0,27.25,3,0
15799357,Armfield,France,35,136364.46,142754.71,138920.56,1,0,16.25,3,0
15670374,Wright,Germany,49,120656.86,166164.3,138859.836,4,0,27.0,2,1
15669899,Fitts,Germany,45,135643.0,143619.52,138833.608,1,0,20.25,3,1
15660263,Olisaemeka,France,40,99799.76,197372.13,138828.708,2,0,35.5,2,0
15661034,Ngozichukwuka,Germany,29,106059.4,187976.88,138826.392,1,0,16.25,3,1
15804602,Boyd,Germany,30,99785.28,197238.03,138766.38,2,0,24.5,2,0
15811314,Y?,Germany,36,140355.56,136329.96,138745.32,2,0,45.5,2,0
15770548,Lucchese,Germany,28,139986.65,136846.75,138730.69,1,0,27.25,3,0
15750335,Paterson,Germany,43,108508.82,184044.8,138723.212,3,0,33.75,2,1
15724200,Cheng,France,38,115341.55,173632.92,138658.098,1,1,48.25,2,0
15668472,Ritchie,Spain,24,177799.83,79886.06,138634.322,2,0,22.5,2,0
15624423,Liu,France,28,99986.98,196582.55,138625.20799999998,1,0,37.25,3,0
15611905,Warlow-Davies,Spain,31,174853.46,84238.63,138607.528,1,0,31.25,3,0
15740458,Murphy,Spain,36,135095.47,143859.66,138601.146,1,0,35.25,3,0
15626457,Zetticci,France,31,116234.61,172096.08,138579.198,1,0,21.25,3,0
15649487,Sal,Germany,38,113150.44,176712.59,138575.3,2,0,35.5,2,1
15687558,Mault,Germany,31,118613.34,168469.65,138555.864,1,0,41.25,3,0
15686060,Chou,Germany,43,111677.88,178827.3,138537.648,1,0,39.25,3,1
15672397,Smith,France,38,125487.89,158111.71,138537.418,1,0,6.25,3,0
15755223,Tseng,Germany,53,150926.99,119817.19,138483.07,2,0,26.5,2,0
15807107,Patel,France,32,121394.42,164081.42,138469.22000000003,1,0,27.25,3,0
15607395,Holt,France,33,112528.65,177362.45,138462.16999999998,2,0,45.5,2,0
15632521,Cattaneo,Germany,45,130170.82,150856.38,138445.044,2,0,27.5,2,0
15782591,Cook,France,35,112689.95,176962.31,138398.894,1,0,33.25,3,0
15699415,Lewis,France,46,150213.71,120668.46,138395.61,1,0,33.25,3,1
15638355,Woods,France,35,126397.66,156361.58,138383.228,1,0,16.25,3,1
15586680,Fleming,France,27,176913.52,80587.27,138383.02,1,0,29.25,3,0
15587133,Thompson,France,42,151027.05,119377.36,138367.174,2,0,41.5,2,0
15650018,Chen,France,43,154100.3,114659.81,138324.104,1,0,22.25,3,0
15728669,Knowles,Germany,30,112013.81,177772.03,138317.098,1,0,37.25,3,1
15764314,Reilly,Germany,36,113877.23,174921.91,138295.102,2,0,31.5,2,0
15747503,Hayward,Spain,44,184552.12,68860.3,138275.392,1,0,21.25,3,1
15744044,Fiorentini,Germany,47,99353.42,196549.85,138231.992,1,0,29.25,3,1
15669414,Pisano,Germany,62,118356.89,168034.83,138228.066,2,0,45.5,2,1
15752342,Bradley,Germany,54,133656.91,145071.33,138222.678,3,0,45.75,2,1
15664720,Kovalyova,Spain,33,122017.19,162515.17,138216.382,1,0,22.25,3,0
15776733,Wilson,Germany,37,124513.66,158610.89,138152.552,2,0,41.5,2,0
15644356,Prokhorova,Spain,47,134032.01,144290.97,138135.594,1,0,41.25,3,0
15603683,Ofodile,Spain,23,146584.19,125445.8,138128.834,2,0,18.5,2,0
15660608,Chimaraoke,France,44,158697.61,107181.22,138091.054,1,0,37.25,3,0
15601627,Siciliano,France,33,148163.57,122925.4,138068.30200000005,1,0,22.25,3,0
15812351,Beluchi,Spain,27,135277.96,142200.15,138046.836,1,0,25.25,3,0
15719352,Davidson,Spain,39,170184.99,89593.26,137948.29799999998,2,0,39.5,2,0
15689328,Harrison,Germany,48,114169.16,173273.2,137810.776,1,0,24.25,3,1
15593014,Evseyev,France,33,112833.35,175178.56,137771.434,1,1,48.25,2,0
15728963,Wei,Germany,51,167273.71,93439.75,137740.126,1,0,26.25,3,1
15786042,Willmore,Germany,44,185932.18,65413.41,137724.672,2,0,31.5,2,0
15618225,Porter,Germany,36,116993.43,168816.22,137722.54599999997,2,0,43.5,2,0
15702416,Cecil,France,43,107805.67,182505.68,137685.674,1,0,20.25,3,0
15715079,Bold,France,41,117221.15,168280.95,137645.07,1,0,39.25,3,0
15593969,Abramovich,Spain,39,135483.17,140881.2,137642.382,1,0,35.25,3,1
15616367,Ricci,Germany,39,121523.51,161655.55,137576.326,1,0,8.25,3,1
15803415,Samsonova,France,39,166501.17,93835.64,137434.958,2,0,33.5,2,0
15594340,Tao,France,41,120243.49,163150.03,137406.106,1,0,29.25,3,1
15652693,Greco,France,26,129109.02,149814.68,137391.284,1,0,14.25,3,1
15771977,T'ao,France,39,99010.67,194945.8,137384.72199999998,1,0,23.25,3,0
15710687,Mills,France,33,95927.04,199478.05,137347.444,1,0,21.25,3,0
15711977,Finch,France,36,161533.0,100940.91,137296.164,1,0,29.25,3,0
15671591,Castiglione,Spain,52,96196.24,198874.52,137267.552,4,0,46.0,2,1
15784445,Huang,Spain,33,99106.73,194467.23,137250.93,1,0,8.25,3,0
15598338,Mays,Germany,33,168560.46,90270.16,137244.34,2,0,18.5,2,0
15683521,Godfrey,Germany,28,142574.71,129084.82,137178.754,2,0,27.5,2,0
15720968,Young,Germany,27,130274.26,147533.09,137177.79200000002,2,0,31.5,2,0
15703707,Atkins,France,44,143571.52,127444.14,137120.568,1,0,26.25,3,0
15784597,Lattimore,France,26,162923.85,98368.24,137101.606,1,0,39.25,3,0
15800524,Nnanna,Germany,29,185379.02,64679.07,137099.04,1,0,27.25,3,0
15660679,Chimaobim,Spain,38,149571.94,118383.18,137096.436,1,0,39.25,3,0
15642391,Lettiere,Germany,51,109978.83,177740.58,137083.53,1,0,14.25,3,1
15707362,Yin,Germany,43,95556.31,199273.98,137043.378,1,1,48.25,2,1
15654901,Horton,France,51,141556.96,130189.53,137009.988,1,0,41.25,3,0
15572728,Ross,Spain,36,127397.34,151335.24,136972.5,1,0,37.25,3,0
15787830,Bailey,Germany,33,153663.27,111868.23,136945.254,1,0,35.25,3,0
15645271,Radcliffe-Brown,Germany,24,108528.07,179488.41,136912.206,2,0,28.5,2,1
15694805,McIntyre,Spain,35,115024.5,169665.79,136881.016,1,1,48.25,2,0
15724321,Baresi,Germany,47,128298.74,149614.17,136824.912,1,0,24.25,3,1
15812279,William,France,37,115345.86,168781.8,136720.236,2,0,22.5,2,0
15568088,Jamieson,Germany,44,163714.52,96123.72,136678.19999999998,1,0,27.25,3,0
15655082,Pape,France,48,112070.86,173568.3,136669.836,3,0,41.75,2,1
15800287,Micco,Spain,46,127660.46,150156.82,136659.00400000002,2,0,31.5,2,1
15743617,Chesnokova,Germany,47,95994.98,197529.23,136608.68,1,0,23.25,3,0
15587394,Thomson,France,39,140133.08,131304.45,136601.628,2,0,20.5,2,0
15647292,Peng,France,63,148368.02,118862.08,136565.644,1,0,20.25,3,1
15665579,Cartwright,France,28,142705.95,127233.39,136516.926,1,0,21.25,3,0
15662736,Doyle,France,49,147069.78,120540.83,136458.2,1,0,25.25,3,1
15622182,Daniels,Germany,28,153538.13,110776.01,136433.282,2,0,33.5,2,0
15593976,Swanson,Germany,31,102088.68,187866.21,136399.69199999998,4,0,35.0,2,1
15662238,Davis,France,37,105563.0,182624.93,136387.772,1,0,27.25,3,0
15745827,Padovesi,France,30,132005.77,142940.39,136379.618,1,0,27.25,3,0
15751561,Meng,Germany,61,102453.26,187247.56,136370.97999999998,1,0,35.25,3,1
15655574,Okeke,Germany,40,150777.1,114732.62,136359.308,1,0,37.25,3,0
15731507,Mackenzie,France,33,188285.68,58363.94,136316.984,1,0,8.25,3,0
15792818,Perry,Germany,29,148051.52,118623.94,136280.488,1,0,33.25,3,0
15723717,Heath,Germany,41,118334.44,163147.99,136259.86,1,0,8.25,3,1
15583857,Siciliano,Spain,43,123536.52,154908.52,136085.32,2,0,20.5,2,0
15612494,Panicucci,France,44,128747.69,146955.71,136030.898,1,0,33.25,3,1
15659100,Lane,France,33,128152.82,147822.81,136020.816,1,0,24.25,3,0
15668775,Pendred,France,47,130747.1,143829.54,135980.076,1,0,27.25,3,0
15590177,Chiedozie,France,44,133866.22,139049.24,135939.428,1,1,48.25,2,0
15684196,Aitken,France,55,159441.27,100686.11,135939.206,1,0,25.25,3,1
15574830,Townsley,Germany,58,128137.42,147635.33,135936.58399999997,2,0,31.5,2,1
15769254,Tuan,Germany,34,101861.36,187011.96,135921.6,2,0,30.5,2,0
15572093,Han,France,24,140453.91,129001.3,135872.866,1,0,35.25,3,0
15700487,Osonduagwuike,France,46,118022.06,162643.15,135870.49599999998,3,0,45.75,2,1
15683524,Tobenna,Germany,23,166070.48,90494.72,135840.176,2,0,24.5,2,0
15774250,Gallo,France,42,159024.71,100982.93,135807.998,1,0,23.25,3,1
15789974,Enemuo,France,33,94598.48,197519.66,135766.952,1,0,18.25,3,1
15677785,Stevenson,Spain,32,136963.12,133814.28,135703.58399999997,1,0,31.25,3,0
15627360,Fuller,France,42,152603.45,110265.24,135668.16600000003,1,0,39.25,3,1
15722548,Fisher,France,48,148116.48,116973.48,135659.28,1,0,6.25,3,0
15759966,Chiemenam,Spain,36,119799.27,159416.58,135646.19400000002,2,0,37.5,2,0
15786170,Tien,France,31,118342.26,161574.19,135635.032,1,0,14.25,3,0
15639368,Pipes,France,25,110942.9,172576.56,135596.364,1,0,6.25,3,0
15806134,Storey,Germany,34,162691.16,94912.78,135579.808,2,0,45.5,2,0
15648967,Ch'en,Germany,64,169362.43,84760.32,135521.586,1,0,23.25,3,1
15684722,Fraser,France,34,122952.9,154360.97,135516.128,2,0,22.5,2,0
15724719,Jones,France,22,139096.85,129890.94,135414.486,1,0,35.25,3,0
15646190,Saunders,France,56,119963.45,158325.87,135308.418,1,0,6.25,3,1
15713463,Tate,Germany,41,138881.04,129936.53,135303.236,1,0,25.25,3,1
15710365,Thomson,France,50,104129.24,181794.86,135195.488,2,0,27.5,2,1
15625501,Wall,Germany,38,127201.58,147168.28,135188.26,1,0,23.25,3,1
15706729,Hsiao,France,38,105271.56,179833.45,135096.316,1,1,46.25,2,0
15719649,Lambie,France,38,99844.68,187915.7,135073.088,1,0,12.25,3,0
15642162,Ponce,Germany,35,123407.69,152541.89,135061.37,1,0,23.25,3,1
15602373,White,France,44,115049.15,165038.41,135044.854,2,0,35.5,2,0
15781451,Buccho,France,42,134936.97,135178.91,135033.746,2,0,18.5,2,0
15642934,Mason,Germany,35,108269.2,174969.92,134949.488,2,0,35.5,2,0
15657829,Fanucci,Germany,30,168078.83,85028.36,134858.642,1,0,37.25,3,1
15579433,Pugh,Spain,29,96674.55,192120.66,134852.994,2,0,28.5,2,0
15761294,Manna,Germany,56,137464.04,130846.79,134817.14,1,0,37.25,3,1
15775430,Tsou,Germany,31,138008.06,129912.74,134769.932,2,0,41.5,2,0
15757015,Davies,Germany,41,106640.5,176945.96,134762.684,1,0,31.25,3,0
15797329,Muir,France,43,137638.69,130442.08,134760.046,1,0,29.25,3,1
15630704,Haworth,Germany,32,106520.73,177092.16,134749.302,2,0,45.5,2,0
15609987,Smith,France,42,119919.12,156868.21,134698.756,1,0,25.25,3,0
15748231,Hargreaves,Germany,35,95853.39,192933.37,134685.38199999998,2,0,35.5,2,0
15666916,Lira,France,43,99610.92,187296.78,134685.264,2,0,39.5,2,0
15607098,Ahmed,Spain,41,94521.17,194926.86,134683.446,2,0,37.5,2,0
15749093,Tretyakova,France,43,158713.08,98586.14,134662.304,2,0,20.5,2,0
15707505,Taylor,Spain,31,125927.51,147661.47,134621.09399999998,2,0,43.5,2,0
15771942,Tikhonov,Germany,46,135555.66,133146.03,134591.808,1,0,39.25,3,1
15638989,Lettiere,France,25,190066.54,51345.39,134578.08000000002,1,0,16.25,3,1
15593128,Vinogradoff,France,56,129255.2,142492.04,134549.936,2,0,47.5,2,1
15792720,Martinez,France,33,171490.78,79099.64,134534.324,1,0,18.25,3,0
15761102,T'ao,Spain,32,132835.56,136877.24,134452.232,1,0,14.25,3,0
15776939,Zox,Germany,48,102290.56,182691.31,134450.86,2,0,33.5,2,0
15779247,Pai,Spain,24,98567.1,187987.01,134335.064,1,0,37.25,3,0
15663168,MacDonald,France,35,110934.54,169287.99,134275.91999999998,1,0,37.25,3,0
15642063,Kelechi,France,40,163505.16,90424.09,134272.73200000002,1,0,18.25,3,0
15597536,Nkemjika,Spain,45,133618.01,135244.87,134268.75400000002,1,0,16.25,3,0
15652883,Chung,Germany,39,124576.65,148584.61,134179.83399999997,2,0,47.5,2,0
15692575,Kerr,France,38,162888.73,91098.76,134172.742,1,0,33.25,3,1
15680970,Lombardi,Germany,41,114206.84,164061.6,134148.744,1,0,25.25,3,0
15602844,Niu,France,38,97459.06,189175.71,134145.72,1,0,20.25,3,0
15571869,Lei,Germany,50,112650.89,166386.22,134145.022,1,0,14.25,3,1
15673995,Tu,Spain,65,102541.1,181490.42,134120.828,1,0,39.25,3,0
15708046,Knowles,Spain,31,117551.23,158958.9,134114.298,1,0,21.25,3,0
15750049,Steele,France,40,163823.37,89519.47,134101.81,1,0,26.25,3,0
15711287,Ahmed,Spain,35,128415.45,142626.49,134099.86599999998,1,0,31.25,3,0
15570485,Udegbunam,Spain,40,161766.87,92378.54,134011.538,1,0,14.25,3,0
15643635,Robertson,Spain,32,133705.74,134455.84,134005.78,1,0,16.25,3,0
15795224,Wu,France,39,178585.46,67131.3,134003.796,1,0,33.25,3,1
15636407,Beatham,Germany,34,127758.09,143357.03,133997.666,1,0,31.25,3,0
15709604,McMillan,France,23,107433.48,173843.21,133997.372,1,0,25.25,3,0
15568876,Hughes,France,34,102723.35,180844.81,133971.934,2,0,29.5,2,0
15664432,Chao,Spain,49,96296.78,190457.87,133961.216,1,0,35.25,3,1
15715597,Onyemauchechi,France,36,97234.58,188997.08,133939.58,1,0,23.25,3,0
15748327,Anderson,Germany,34,118235.7,157137.23,133796.312,2,0,24.5,2,0
15793803,Robinson,France,34,112572.39,165626.6,133794.074,1,0,8.25,3,0
15571305,Stephenson,Germany,35,103060.63,179866.01,133782.782,1,0,23.25,3,1
15652192,Traeger,France,33,160541.36,93541.14,133741.272,2,0,30.5,2,0
15651883,Genovesi,Germany,55,115796.7,160526.36,133688.56399999998,1,0,33.25,3,1
15658360,Gregory,Spain,35,122929.42,149822.04,133686.468,2,0,30.5,2,0
15593715,Castiglione,Germany,27,107027.52,173425.68,133586.784,1,0,27.25,3,0
15654408,Kharitonova,Spain,41,165445.04,85787.31,133581.948,2,0,37.5,2,0
15755262,McDonald,Spain,41,89763.84,199304.74,133580.2,1,0,12.25,3,1
15625916,Chien,Spain,32,161628.66,91482.5,133570.196,1,0,33.25,3,0
15711889,Mao,France,42,150461.07,108139.23,133532.334,1,0,27.25,3,0
15726556,Macgroarty,Germany,26,135067.52,131211.86,133525.256,2,0,24.5,2,0
15579820,Robertson,Spain,38,106687.76,173776.5,133523.256,1,0,33.25,3,0
15734886,Mazzi,France,34,123971.51,147794.63,133500.758,2,0,33.5,2,0
15713594,French,France,32,147256.86,112771.95,133462.896,1,0,35.25,3,0
15611029,Hsiung,Germany,33,140002.35,123613.81,133446.934,1,0,29.25,3,0
15678058,Ayers,France,38,104584.16,176678.72,133421.984,1,0,39.25,3,0
15804709,Watt,Germany,35,111578.18,166165.93,133413.28,1,0,16.25,3,1
15762927,Sung,Germany,36,100762.64,182156.86,133320.32799999998,1,0,33.25,3,0
15565701,Ferri,Spain,39,161993.89,90212.38,133281.28600000002,1,0,24.25,3,0
15733597,Y?an,France,41,150219.41,107839.03,133267.258,2,0,12.5,2,0
15730705,Chidubem,France,37,165252.52,85286.3,133266.032,1,0,39.25,3,0
15717056,Pan,Germany,25,144351.86,116613.26,133256.41999999998,1,0,35.25,3,0
15727499,Boyle,Germany,36,129118.5,139435.12,133245.148,2,0,18.5,2,0
15623053,Muir,Spain,40,123177.01,148309.98,133230.198,1,0,25.25,3,0
15797919,Ting,Spain,37,103195.2,178268.36,133224.46399999998,2,0,31.5,2,0
15649150,Buddicom,France,53,127642.44,141501.45,133186.044,1,0,31.25,3,1
15773972,Balashov,France,50,137104.47,127166.49,133129.278,1,0,29.25,3,1
15627220,Kang,Germany,43,98807.45,184570.04,133112.486,1,0,24.25,3,1
15792329,Mao,Germany,37,107106.33,172063.09,133089.034,2,0,37.5,2,0
15685320,Johnstone,France,36,139180.2,123880.19,133060.196,1,0,12.25,3,0
15737705,Avdeyeva,France,27,152309.37,104112.0,133030.422,1,0,29.25,3,0
15684696,Lei,Spain,26,116576.45,157567.37,132972.818,1,0,27.25,3,0
15673238,McCarthy,Germany,59,154110.99,101240.08,132962.626,2,0,43.5,2,1
15632069,Kazantsev,France,39,125211.55,144496.07,132925.358,2,0,43.5,2,0
15622993,Boyd,Germany,28,124695.72,145251.35,132917.972,2,0,43.5,2,0
15610337,Stephens,Spain,35,104832.49,175015.12,132905.542,1,0,25.25,3,0
15611544,Ibeamaka,Germany,36,95448.32,189085.07,132903.02000000002,2,0,41.5,2,0
15780386,Ferri,Spain,40,105683.63,173617.09,132857.014,1,0,31.25,3,0
15724623,Taubman,Germany,24,113034.22,162503.48,132821.924,1,0,35.25,3,1
15568915,Bailey,France,38,153722.47,101319.76,132761.386,1,0,33.25,3,0
15638610,Kennedy,Germany,65,117325.54,155799.86,132715.26799999998,1,0,31.25,3,1
15680727,Fang,France,49,121973.28,148804.36,132705.712,1,0,31.25,3,0
15813144,Osborne,France,26,92606.86,192709.69,132647.992,2,0,41.5,2,0
15607330,Vasilyev,Spain,42,109121.71,167873.49,132622.422,1,1,46.25,2,0
15651052,McMasters,Germany,46,127655.22,139994.68,132591.00400000002,1,0,25.25,3,1
15633141,Robinson,Germany,35,174902.26,69079.85,132573.296,1,0,29.25,3,0
15677921,Bobrov,Germany,60,115920.62,157552.08,132573.20399999997,2,0,30.5,2,1
15652030,De Bernales,Germany,49,108204.52,169037.84,132537.848,1,0,25.25,3,1
15784000,Pope,Germany,34,102277.52,177852.57,132507.54,1,0,24.25,3,1
15592736,Lucchese,Germany,54,102994.04,176680.16,132468.48799999998,1,0,31.25,3,1
15750258,Ann,France,32,155663.31,97658.66,132461.44999999998,1,0,25.25,3,0
15703563,P'eng,France,40,93017.47,191608.97,132454.07,2,0,45.5,2,0
15716926,Macleod,France,33,101952.97,178153.65,132433.242,2,0,47.5,2,0
15649033,Echezonachukwu,Germany,55,127723.25,139469.11,132421.59399999998,2,0,41.5,2,1
15718057,Onyinyechukwuka,France,51,100946.71,179614.8,132413.946,1,0,10.25,3,1
15616676,Donnelly,Germany,23,122478.51,147230.77,132379.414,1,0,27.25,3,1
15723894,Younger,France,45,137555.44,124607.7,132376.34399999998,1,0,20.25,3,0
15697249,Lettiere,Germany,25,132837.7,131647.31,132361.544,1,0,27.25,3,0
15669342,Ferri,Germany,35,127862.93,139083.7,132351.238,2,0,31.5,2,0
15595937,Bruno,Germany,36,138992.48,122373.42,132344.856,2,0,14.5,2,0
15572356,Tsai,Spain,73,108555.07,167969.15,132320.702,1,1,48.25,2,0
15631756,Tuan,France,35,147813.05,109029.72,132299.718,2,0,22.5,2,0
15795759,Bergamaschi,Germany,52,107906.75,168886.39,132298.606,1,0,23.25,3,1
15784844,K'ung,Spain,48,116060.08,156618.38,132283.4,1,0,31.25,3,1
15780128,Ogbonnaya,France,33,144427.96,113845.19,132194.852,2,0,33.5,2,0
15623521,Sozonov,Spain,43,123105.88,145765.83,132169.86,2,0,45.5,2,0
15755084,Bezrukova,France,37,121854.45,147521.35,132121.21000000002,1,0,35.25,3,0
15701096,De Garis,France,44,123863.64,144494.94,132116.16,1,0,37.25,3,0
15793317,Hale,Spain,22,141287.15,118142.79,132029.406,1,0,35.25,3,0
15613749,Lees,Spain,34,151839.26,102299.81,132023.47999999998,1,0,21.25,3,1
15575399,Somadina,France,42,152160.21,101778.9,132007.686,2,0,29.5,2,0
15711572,O'Kane,Germany,31,110941.93,163484.8,131959.07799999998,2,0,45.5,2,0
15701301,Murphy,France,42,175159.9,67124.48,131945.732,2,0,18.5,2,1
15711843,Pisani,Germany,40,147856.82,107961.11,131898.53600000002,3,0,20.75,2,1
15616530,Foran,France,36,188455.19,47031.4,131885.674,1,0,18.25,3,1
15792222,Johnstone,France,37,106881.5,169386.81,131883.624,2,0,14.5,2,0
15789425,Marsden,Germany,37,98218.04,182354.46,131872.608,2,0,43.5,2,1
15765283,Wenz,Germany,40,149961.99,104610.86,131821.538,2,0,33.5,2,0
15641860,Bradley,Germany,34,108760.27,166324.79,131786.078,2,0,39.5,2,1
15654074,Tuan,France,38,119315.75,150468.35,131776.79,1,0,37.25,3,0
15789158,Nikitina,Germany,49,113599.74,158887.09,131714.68,2,0,39.5,2,1
15806945,Udobata,France,30,88594.14,196332.45,131689.464,1,0,39.25,3,0
15719779,May,Germany,25,157404.02,93073.04,131671.628,2,0,29.5,2,0
15719809,Endrizzi,Germany,32,145166.09,111421.45,131668.234,2,0,18.5,2,0
15598894,Holt,Spain,38,122267.85,145759.93,131664.682,1,0,26.25,3,0
15744553,Ho,France,34,144318.97,112668.06,131658.606,1,0,25.25,3,0
15662658,Grieve,Germany,34,90355.12,193597.94,131652.248,2,0,16.5,2,0
15567860,Burrows,Spain,44,189318.16,45026.23,131601.388,2,0,41.5,2,1
15700394,Palermo,Spain,26,122857.46,144682.17,131587.344,2,0,35.5,2,1
15666197,Boni,Germany,38,153058.64,99377.27,131586.092,1,0,37.25,3,0
15636454,Fu,France,60,101070.69,177355.8,131584.734,1,0,33.25,3,1
15634844,Miller,Germany,41,91536.93,191468.78,131509.66999999998,1,0,27.25,3,1
15711251,Chizuoke,France,45,178827.79,60375.18,131446.74599999998,1,0,23.25,3,0
15632143,Lung,France,31,119148.55,149740.22,131385.218,1,0,10.25,3,0
15726494,Romani,France,44,175303.06,65500.53,131382.048,1,0,39.25,3,1
15639552,Mellor,Germany,40,148897.02,105052.9,131359.37199999997,1,0,22.25,3,0
15636089,Hs?,Germany,51,145751.03,109718.44,131337.994,1,0,8.25,3,1
15804862,Toscani,Germany,43,127146.68,137565.87,131314.35599999997,1,0,18.25,3,0
15570299,Martin,Germany,31,152622.34,99298.8,131292.924,1,0,33.25,3,0
15589358,Stanley,Germany,31,90018.45,193132.98,131264.26200000002,2,0,35.5,2,0
15766906,Salier,France,25,132116.13,129933.5,131243.078,2,0,35.5,2,0
15766172,Tsao,France,34,128743.55,134851.12,131186.578,1,0,27.25,3,0
15716605,Chukwufumnanya,Germany,24,103099.17,173276.62,131170.15,2,0,41.5,2,0
15742971,Whitehead,France,44,161887.81,84870.23,131080.778,2,0,31.5,2,0
15744041,Yobanna,France,26,140356.7,117144.15,131071.68,1,0,27.25,3,0
15794841,Kung,Spain,19,89750.21,193008.52,131053.534,1,0,31.25,3,0
15791550,Kelly,France,27,87637.26,196111.35,131026.896,2,0,20.5,2,0
15656613,McGregor,France,34,131283.11,130500.65,130970.126,1,0,12.25,3,0
15704629,Wright,France,32,116409.55,152790.92,130962.098,1,1,48.25,2,0
15785350,Austin,Spain,23,104744.89,170262.97,130952.122,1,0,35.25,3,0
15722061,Allen,Germany,41,142015.76,114323.66,130938.92,2,0,43.5,2,0
15811958,Medland,Germany,44,112755.34,158171.36,130921.748,2,0,16.5,2,0
15638983,Jara,France,38,133189.4,127388.06,130868.864,1,0,16.25,3,0
15627185,Terry,Germany,29,123737.04,141558.04,130865.44,2,0,39.5,2,0
15671630,McMillan,Germany,40,99745.95,177524.19,130857.246,1,0,23.25,3,0
15783629,Degtyaryov,Germany,42,117899.95,150266.81,130846.694,2,0,24.5,2,0
15706199,White,Germany,36,96643.32,182059.28,130809.704,1,0,18.25,3,0
15803804,Walker,Germany,35,103214.71,172172.7,130797.906,1,0,31.25,3,0
15750466,Rhodes,Germany,42,85839.62,198182.73,130776.864,1,0,23.25,3,0
15640789,Butler,France,38,123345.85,141827.83,130738.642,1,0,29.25,3,0
15606386,Wang,Germany,46,111512.75,159576.75,130738.35,3,0,39.75,2,1
15578297,Ebelegbulam,Germany,43,125537.38,138510.01,130726.432,1,0,23.25,3,1
15735106,Bishop,Spain,28,149594.02,102325.19,130686.488,2,0,39.5,2,0
15708513,Bevan,France,39,90217.07,191350.48,130670.434,1,0,23.25,3,0
15814664,Scott,Germany,33,126524.11,136869.31,130662.19,1,0,25.25,3,0
15726046,Johnston,France,27,133009.51,126809.15,130529.366,1,0,25.25,3,0
15627971,Coates,France,32,206663.75,16281.94,130511.026,1,0,22.25,3,0
15728829,Weigel,France,18,102983.91,171770.58,130498.578,1,0,35.25,3,0
15777901,Lindell,Germany,43,94752.49,184006.36,130454.038,1,0,39.25,3,1
15641175,Munro,Germany,63,120916.52,144727.45,130440.892,3,0,24.75,2,1
15662884,Naylor,Germany,58,110597.76,160122.66,130407.72,1,1,48.25,2,1
15798749,Davidson,Germany,43,152063.59,97910.06,130402.178,2,0,33.5,2,0
15701352,Fanucci,Spain,28,96381.68,181419.29,130396.724,2,0,33.5,2,0
15694200,Gardner,France,36,178111.82,58719.63,130354.944,1,0,22.25,3,1
15623202,Maslov,Germany,39,102556.18,171971.25,130322.20799999998,2,0,47.5,2,1
15580935,Okechukwu,Germany,33,135962.4,121747.96,130276.624,2,0,45.5,2,0
15675141,Fraser,France,35,93934.63,184748.23,130260.07,1,0,29.25,3,0
15699619,Rivas,France,31,155978.17,91510.71,130191.18600000002,1,0,41.25,3,0
15721507,Pagan,France,32,117094.02,149558.83,130079.944,1,0,8.25,3,1
15722599,Nelson,France,37,183613.66,49734.94,130062.172,2,0,30.5,2,0
15643188,Barnett,Germany,47,114603.76,153194.32,130039.984,2,0,41.5,2,1
15731511,Ritchie,France,45,118626.55,147132.46,130028.914,2,0,41.5,2,0
15700657,Thornton,Germany,40,110086.69,159773.14,129961.27,1,0,25.25,3,0
15751177,Milne,Germany,44,119657.53,145387.05,129949.338,1,0,25.25,3,1
15705009,Cartwright,France,56,156974.26,89405.26,129946.66,1,0,37.25,3,1
15657163,Cockrum,Germany,42,149332.48,100834.22,129933.176,2,0,29.5,2,0
15657937,Lord,Germany,22,112949.71,155231.55,129862.446,1,0,6.25,3,0
15709447,Reed,France,26,146286.22,105105.35,129813.872,1,0,21.25,3,0
15611223,Ko,Germany,38,101648.5,172001.44,129789.676,2,0,47.5,2,0
15778838,Warren,France,38,114135.17,153269.98,129789.094,1,0,39.25,3,0
15805413,Chiang,France,31,117852.26,147668.64,129778.812,2,0,39.5,2,0
15721019,Jones,France,24,110495.27,158615.41,129743.326,1,0,27.25,3,0
15628530,Booth,France,42,156864.2,88890.75,129674.82,2,0,18.5,2,0
15750447,Ozoemena,France,60,117738.81,147489.76,129639.19,1,0,41.25,3,1
15772423,Liao,Germany,54,126418.14,134420.75,129619.184,1,0,37.25,3,1
15685300,Meng,France,35,128993.76,130483.56,129589.68,2,0,39.5,2,0
15644856,Bird,Spain,38,115463.16,150679.65,129549.756,1,0,25.25,3,0
15724466,Swearingen,Germany,41,84113.41,197548.63,129487.498,1,0,25.25,3,0
15736990,Chuang,France,28,157842.07,86911.49,129469.838,1,0,27.25,3,0
15623471,Marcelo,Germany,38,98205.77,176318.27,129450.77,1,0,27.25,3,0
15797787,Denisov,France,36,118311.76,146134.68,129440.928,1,0,23.25,3,0
15629846,Sheehan,Germany,47,143001.5,108977.5,129391.9,2,0,43.5,2,0
15624866,Brewer,Germany,37,168735.74,70370.24,129389.54,2,0,18.5,2,0
15602500,Maslova,Spain,38,146343.98,103902.11,129367.23200000002,1,1,48.25,2,0
15773868,Belov,Germany,37,125734.2,134625.09,129290.55599999998,2,0,33.5,2,1
15721937,Romilly,France,38,138131.34,115927.85,129249.944,1,1,46.25,2,0
15728352,Yermakov,France,27,120509.81,142170.44,129174.062,1,0,14.25,3,0
15775104,Gomes,France,38,182065.85,49503.5,129040.91,1,0,23.25,3,0
15765402,H?,France,39,145644.05,104118.93,129034.002,1,0,18.25,3,0
15694381,Lloyd,France,51,100654.8,171587.9,129028.04,1,0,37.25,3,0
15705620,Lu,France,34,122453.37,138882.98,129025.214,2,0,37.5,2,0
15691323,Bianchi,Germany,40,89025.88,188892.19,128972.404,2,0,35.5,2,0
15657107,Angelo,Spain,46,106171.68,163145.5,128961.208,1,0,37.25,3,1
15772601,Lu,Germany,41,81733.74,199761.29,128944.76,2,0,16.5,2,0
15607526,Lu,Germany,50,102645.48,168359.98,128931.28,1,0,23.25,3,1
15641480,Sinnett,France,32,131354.25,125256.53,128915.162,1,0,31.25,3,0
15687171,Birch,Spain,34,146679.77,102179.86,128879.806,1,0,31.25,3,0
15714993,Longo,France,41,124349.34,135635.25,128863.704,1,0,39.25,3,0
15695034,Christie,France,44,123322.15,137136.29,128847.806,1,0,29.25,3,0
15730673,Dietz,Germany,40,122265.24,138552.74,128780.24,1,0,35.25,3,0
15601045,Angelo,Spain,37,163708.58,76259.23,128728.83999999998,2,0,28.5,2,0
15775761,Iweobiegbunam,Germany,69,86038.21,192743.06,128720.15,3,0,28.75,2,1
15718465,Sadler,Germany,51,96891.46,176403.33,128696.208,1,0,27.25,3,1
15640491,Raff,France,33,147493.7,100447.53,128675.232,2,0,47.5,2,0
15766427,Shaw,Germany,52,97720.35,175070.94,128660.586,2,0,37.5,2,1
15665158,Chukwuemeka,Spain,27,137275.36,115733.16,128658.47999999998,1,1,48.25,2,0
15732774,Marchesi,France,37,112291.34,153157.97,128637.992,1,0,35.25,3,0
15612193,Hsia,Spain,29,115545.33,148256.43,128629.77,2,0,47.5,2,0
15747323,Vasilyeva,Spain,48,109472.47,157358.43,128626.854,1,0,39.25,3,1
15697625,Bevan,France,37,163789.49,75832.53,128606.706,2,0,31.5,2,0
15794266,Cross,France,32,145303.52,103560.98,128606.504,1,0,39.25,3,0
15688984,Belonwu,France,20,95830.43,177738.98,128593.85,1,0,29.25,3,0
15762277,Jamieson,France,47,158623.14,83499.89,128573.84,1,0,16.25,3,1
15595917,Mackay,France,35,102097.33,168285.85,128572.738,1,1,48.25,2,0
15742238,Dellucci,Germany,35,136496.12,116672.02,128566.48,2,0,35.5,2,0
15813503,Pickering,Spain,37,154712.58,89099.18,128467.22,2,0,43.5,2,0
15605424,Oluchukwu,Spain,38,123906.55,135096.78,128382.642,1,0,35.25,3,0
15768163,Griffin,Germany,46,137145.12,115146.4,128345.632,1,0,35.25,3,1
15807239,Lung,France,34,93920.47,179913.98,128317.874,1,0,20.25,3,0
15587535,Onyemauchechukwu,Spain,46,177619.71,54227.06,128262.65,1,0,31.25,3,0
15582797,Ch'iu,Spain,35,137948.51,113639.64,128224.962,1,0,29.25,3,0
15800515,Singh,France,35,128653.59,127558.26,128215.458,1,0,31.25,3,0
15661903,Hsia,France,43,80764.03,199378.58,128209.85,1,0,27.25,3,1
15787470,Parkinson,Spain,47,116528.15,145704.19,128198.566,1,0,12.25,3,1
15681174,Zuev,France,39,116537.6,145679.6,128194.4,1,0,8.25,3,0
15754874,Nwoye,France,26,119009.57,141926.43,128176.314,1,0,29.25,3,0
15798256,Takasuka,France,45,153697.53,89891.4,128175.078,2,0,14.5,2,1
15712568,Angelo,Spain,40,121355.99,138360.29,128157.71,1,0,41.25,3,0
15574012,Chu,Spain,44,113755.78,149756.71,128156.152,2,0,43.5,2,1
15783501,Findlay,France,38,168190.33,68052.08,128135.03,2,0,31.5,2,0
15653251,Hickey,France,84,87873.39,188484.52,128117.842,1,0,22.25,3,1
15635660,Rossi,Germany,30,142910.15,105890.55,128102.31,1,0,39.25,3,1
15759915,Rapuokwu,France,31,87772.52,188516.45,128070.092,1,0,33.25,3,0
15575498,Gould,France,39,149379.66,96075.55,128058.016,2,0,37.5,2,0
15621435,Davies,France,39,160903.2,78774.36,128051.664,1,0,8.25,3,0
15591607,Fernie,France,24,101827.07,167256.35,127998.782,1,0,39.25,3,0
15585427,Madueke,France,26,102073.67,166799.93,127964.174,2,0,32.5,2,0
15682600,Lo,Germany,39,159492.79,80582.34,127928.61,1,0,39.25,3,1
15631406,Munro,Germany,50,109387.9,155721.15,127921.19999999998,1,0,31.25,3,0
15779947,Thomas,Spain,28,146098.43,100615.14,127905.114,3,0,45.75,2,1
15682435,P'eng,France,35,143744.77,104076.51,127877.466,2,0,35.5,2,0
15792180,Chiekwugo,Germany,22,144954.75,102246.0,127871.25,2,0,41.5,2,0
15590241,Chuang,Spain,34,112822.26,150401.53,127853.968,1,0,24.25,3,1
15598840,Moretti,France,33,123082.08,134960.98,127833.64,1,0,23.25,3,0
15724154,Manna,Germany,49,128504.76,126812.63,127827.908,1,0,29.25,3,1
15654859,Ngozichukwuka,Spain,63,131629.17,122109.58,127821.334,2,0,31.5,2,1
15755018,Dickinson,Germany,26,109819.16,154491.39,127688.052,2,0,47.5,2,0
15587690,Madueke,France,28,116498.22,144290.25,127615.032,1,0,25.25,3,0
15701741,Williams,France,39,152462.79,90305.97,127600.062,1,0,27.25,3,0
15653050,Norriss,Germany,76,95052.29,176244.87,127529.322,1,0,41.25,3,0
15658240,Parry,France,44,135814.7,115091.38,127525.372,2,0,30.5,2,0
15692258,Thompson,Spain,31,115406.97,145528.22,127455.47,1,0,8.25,3,0
15769308,Herbert,Germany,36,81231.85,196731.08,127431.542,2,0,45.5,2,0
15743067,Fuller,Germany,26,130483.95,122810.53,127414.582,1,0,27.25,3,0
15809823,Thurgood,Germany,19,125860.2,129690.5,127392.32,1,0,10.25,3,0
15713983,Mao,Germany,34,94108.54,177235.21,127359.208,2,0,37.5,2,0
15690898,Bogolyubova,France,44,161889.79,75562.47,127358.862,1,0,22.25,3,0
15725664,Wallace,France,38,107283.4,157442.75,127347.14,1,0,22.25,3,0
15784099,Clark,France,38,126875.62,128052.29,127346.288,1,0,31.25,3,0
15671987,Meagher,Spain,35,153137.74,88659.07,127346.272,1,0,37.25,3,0
15618258,Chizuoke,Spain,37,158024.38,81298.09,127333.864,1,0,31.25,3,0
15632263,Pagnotto,Spain,30,120355.0,137793.35,127330.34,1,0,31.25,3,0
15730433,Nakayama,Germany,38,128218.47,125953.83,127312.614,1,0,23.25,3,1
15763148,Stanley,France,39,84719.98,191063.36,127257.332,1,0,24.25,3,0
15669994,Greece,Germany,31,128663.81,125083.29,127231.60199999998,2,0,29.5,2,0
15794941,Chibueze,Germany,41,85906.65,189159.97,127207.978,3,0,35.75,2,0
15734659,Sozonov,Germany,46,107978.4,155876.06,127137.464,2,0,37.5,2,0
15578186,Pirozzi,Germany,37,115217.99,144995.33,127128.926,2,0,45.5,2,0
15596013,Akhtar,Germany,58,143212.22,102628.56,126978.756,1,0,8.25,3,1
15724851,Farmer,Germany,31,111589.67,150037.19,126968.678,1,0,39.25,3,0
15640418,Omeokachie,Germany,41,115897.73,143544.48,126956.43,1,0,29.25,3,0
15664339,Yu,Spain,48,178144.91,50168.41,126954.31,2,0,20.5,2,1
15795586,McDonald,France,35,92474.05,178626.07,126934.858,1,0,23.25,3,0
15797219,Ifesinachi,France,40,123497.58,131953.23,126879.84,1,0,41.25,3,1
15627859,Nebeolisa,Germany,29,102609.0,163257.44,126868.376,1,0,35.25,3,0
15573112,Kang,Spain,29,103907.28,161229.84,126836.304,1,0,31.25,3,0
15591036,Genovesi,Germany,43,127940.47,125140.72,126820.57,1,0,12.25,3,1
15657321,Arkwookerum,Germany,27,113174.21,147261.58,126809.158,2,0,43.5,2,0
15607347,Olisaemeka,France,22,130056.23,121894.31,126791.462,1,0,16.25,3,1
15666270,Omeokachie,France,40,147803.48,95181.06,126754.512,1,0,25.25,3,1
15731117,Kao,Spain,28,109161.25,152987.42,126691.718,1,0,25.25,3,0
15744873,Wright,Germany,48,143595.87,101314.65,126683.382,1,0,16.25,3,1
15760121,Maynard,France,32,100606.02,165693.06,126640.836,1,0,39.25,3,0
15703979,Evans,Germany,39,119688.81,137041.26,126629.79,1,0,27.25,3,0
15661936,Chikelu,France,40,141004.46,105028.46,126614.06,1,0,27.25,3,0
15710315,Chukwukadibia,Germany,29,135759.4,112813.79,126581.156,1,0,14.25,3,1
15589204,Farrar,France,33,131765.72,118782.06,126572.256,1,0,39.25,3,0
15706021,Buley,France,34,96645.54,171413.66,126552.788,2,0,14.5,2,0
15701605,Forster,France,37,166115.42,67208.3,126552.572,1,0,23.25,3,0
15658716,Banks,Germany,37,92171.35,178106.34,126545.34600000002,3,0,43.75,2,1
15756425,Barnes,France,30,146301.31,96847.91,126519.95,1,0,20.25,3,0
15739548,Johnson,France,28,111167.7,149331.01,126433.024,1,0,39.25,3,0
15781307,Schneider,Germany,37,120092.52,135925.72,126425.8,2,0,41.5,2,0
15777352,Ikedinachukwu,Spain,32,169399.6,61936.22,126414.248,1,0,35.25,3,0
15704053,T'ang,Spain,62,131078.42,119348.76,126386.556,2,0,33.5,2,1
15590888,Wade,Spain,34,107556.06,154631.35,126386.176,2,0,32.5,2,0
15687852,Vinogradoff,France,30,104145.65,159629.64,126339.246,1,0,10.25,3,0
15581323,White,Germany,28,139246.22,106799.49,126267.528,2,0,41.5,2,0
15587421,Tsai,Germany,34,111388.18,148564.76,126258.812,2,0,41.5,2,0
15658169,Cook,Spain,47,127299.34,124694.99,126257.6,2,0,39.5,2,0
15759038,Whitehead,France,41,141806.46,102921.17,126252.34399999998,1,0,27.25,3,0
15572291,Kao,France,40,132308.22,117122.5,126233.932,1,0,18.25,3,0
15648225,Shephard,Spain,38,103895.31,159649.44,126196.962,1,1,48.25,2,0
15737542,Davey,Germany,36,103294.56,160548.12,126195.984,1,0,41.25,3,0
15756321,Johnston,Spain,52,144772.69,98302.57,126184.642,1,0,16.25,3,1
15781465,Schofield,Germany,29,121326.42,133457.52,126178.86,1,0,37.25,3,0
15672516,Wall,Germany,51,90373.28,179861.79,126168.684,2,0,41.5,2,0
15680918,Freeman,Spain,34,117300.02,139410.08,126144.044,1,0,37.25,3,0
15682273,Burns,France,38,127616.56,123846.07,126108.364,1,0,31.25,3,0
15733581,Duncan,Germany,32,80262.66,194867.78,126104.708,1,0,39.25,3,0
15595221,Trevisano,Germany,33,134678.13,113177.95,126078.058,1,0,35.25,3,0
15810732,Grant,France,36,148749.29,91830.75,125981.874,2,0,43.5,2,0
15598536,Onuchukwu,Germany,26,84587.9,188037.76,125967.844,1,1,46.25,2,0
15661275,Wynn,Germany,52,110791.97,148704.77,125957.09,1,0,27.25,3,1
15702030,Azarov,France,29,104982.57,157378.5,125940.942,1,0,25.25,3,0
15738497,Chukwujamuike,Spain,44,107726.93,153064.87,125862.106,2,0,35.5,2,0
15671387,Fetherstonhaugh,France,29,89349.47,180626.68,125860.354,2,0,20.5,2,0
15637118,Burns,France,33,140700.61,103557.93,125843.538,1,0,29.25,3,0
15794178,Walpole,France,34,107136.6,153895.46,125840.144,1,0,27.25,3,0
15675787,Rivera,France,26,112972.57,145011.62,125788.19,1,0,37.25,3,0
15778515,Wu,France,40,95297.11,171515.84,125784.60199999998,1,0,12.25,3,0
15732740,Plant,Spain,32,178095.55,47247.56,125756.354,1,0,24.25,3,0
15763063,Price,Spain,25,128509.63,121562.33,125730.71,1,0,41.25,3,0
15775335,Ellis,Germany,48,81556.89,191914.37,125699.882,2,0,35.5,2,0
15691625,Ko,Germany,41,138306.34,106761.47,125688.392,1,0,27.25,3,0
15575623,Simpson,France,31,110635.32,148218.86,125668.736,1,0,41.25,3,0
15579334,Watkins,Germany,45,126674.81,124118.71,125652.37,1,0,31.25,3,1
15570002,Burlingame,Germany,55,118772.71,135853.62,125605.074,4,0,41.0,2,1
15803947,Teng,Germany,30,161378.02,71926.28,125597.324,1,0,18.25,3,1
15601172,Nelson,France,31,91125.75,177295.92,125593.818,1,0,33.25,3,0
15736069,Hsing,Germany,35,132253.22,115566.57,125578.56,1,0,33.25,3,1
15799966,Chigolum,Germany,59,101609.77,161479.19,125557.538,1,0,24.25,3,1
15773322,Obiajulu,Germany,44,121898.82,131007.18,125542.164,1,0,14.25,3,0
15609299,Chamberlain,France,29,150685.79,87771.06,125519.898,1,0,33.25,3,0
15722765,Owen,Spain,57,136820.99,108528.74,125504.09,1,1,46.25,2,0
15604130,Johnstone,Spain,47,142319.03,100183.05,125464.638,1,0,18.25,3,0
15789941,Yevseyev,France,36,125130.28,125961.48,125462.76,1,0,18.25,3,0
15645136,O'Donnell,Spain,30,128065.12,121525.48,125449.264,1,0,23.25,3,0
15749964,Jones,France,27,87262.4,182720.07,125445.468,2,0,35.5,2,0
15719624,Hodgson,France,38,121858.98,130755.34,125417.524,1,0,39.25,3,0
15591724,Liu,France,44,143244.97,98661.27,125411.49,1,0,31.25,3,0
15699523,Chu,Germany,55,126817.65,123269.71,125398.474,2,0,35.5,2,0
15572547,Vaguine,France,45,104930.38,155921.81,125326.952,1,0,39.25,3,1
15571476,Kelly,Spain,38,103257.14,158344.63,125292.136,1,0,6.25,3,0
15693996,Hawks,France,33,113452.66,142911.99,125236.392,1,0,8.25,3,0
15652626,Grave,France,55,115285.85,140126.17,125221.978,1,0,29.25,3,0
15717893,Briggs,Germany,36,143421.74,97879.02,125204.652,1,0,37.25,3,0
15646227,Folliero,France,27,97893.2,166144.98,125193.912,1,0,23.25,3,0
15636912,Sneddon,Spain,38,124483.53,126253.31,125191.442,1,0,27.25,3,0
15814032,Hsieh,Germany,31,93460.47,172782.69,125189.358,2,0,14.5,2,0
15637947,Wei,Spain,32,134446.04,111241.37,125164.172,1,1,48.25,2,0
15654456,Napolitano,Germany,48,149726.08,88307.87,125158.796,1,0,18.25,3,1
15719212,T'ien,France,33,83134.3,187946.55,125059.2,1,0,31.25,3,0
15630725,Johnson,France,45,92786.66,173365.9,125018.356,1,0,31.25,3,1
15781326,Ford,France,35,95478.17,169286.74,125001.598,1,0,24.25,3,0
15677336,Aitken,Germany,57,120043.13,132370.75,124974.178,1,0,23.25,3,1
15800440,Power,Spain,61,152968.73,82970.69,124969.514,1,1,48.25,2,0
15719991,Korovina,Spain,52,154733.97,80259.67,124944.25,1,0,23.25,3,1
15793049,Atkins,Germany,48,115115.38,139558.6,124892.668,1,0,37.25,3,1
15677435,Kazantseva,France,29,98263.46,164717.95,124845.256,2,0,27.5,2,0
15663438,Andrejew,Spain,36,89772.3,177383.68,124816.85199999998,1,0,21.25,3,1
15566891,Kinder,Germany,41,88594.93,178997.89,124756.114,1,0,27.25,3,0
15609653,Ifeatu,Germany,44,118715.86,133591.11,124665.96,1,0,33.25,3,1
15582951,Crawford,France,25,126442.59,121904.44,124627.33,1,0,37.25,3,0
15672374,Pai,France,52,170008.84,56407.42,124568.272,1,0,22.25,3,1
15644621,Mironova,Germany,40,106756.01,151167.94,124520.782,2,0,45.5,2,0
15773487,Conway,Germany,31,76798.92,196021.73,124488.044,1,0,22.25,3,0
15762418,Gant,Spain,22,121681.82,128643.35,124466.432,1,0,27.25,3,1
15663249,Howells,Spain,37,133292.45,111175.09,124445.506,1,0,39.25,3,0
15790809,Lo Duca,Spain,40,74896.92,198694.2,124415.832,1,0,35.25,3,0
15666884,Su,Germany,41,82161.7,187776.49,124407.616,2,0,37.5,2,0
15785559,De Luca,France,43,133237.21,111032.79,124355.44199999998,1,0,23.25,3,1
15642787,Ijendu,France,37,133043.66,111243.09,124323.432,1,0,8.25,3,0
15808868,Nwokeocha,France,31,103696.97,155221.05,124306.602,3,0,24.75,2,1
15724127,McLean,France,26,141581.71,98309.27,124272.734,2,0,20.5,2,0
15812628,Dodd,Germany,38,120623.21,129697.99,124253.122,1,0,37.25,3,0
15645778,Reid,Spain,42,81589.04,188227.8,124244.544,1,0,27.25,3,0
15596870,Marino,Germany,54,144768.94,93336.3,124195.884,1,0,27.25,3,1
15707479,Fan,France,40,125608.72,122073.48,124194.624,1,0,35.25,3,0
15800295,Cruz,Germany,34,112746.54,141230.07,124139.952,2,0,30.5,2,0
15714634,Nebechi,France,26,89900.24,175477.03,124130.956,2,0,35.5,2,0
15671789,Woods,France,31,94263.91,168895.06,124116.37,2,0,33.5,2,0
15630920,Du Cane,France,34,154485.74,78560.64,124115.69999999998,2,0,16.5,2,0
15747821,K?,Germany,31,135470.9,107074.81,124112.464,1,0,33.25,3,0
15653997,Haynes,Spain,31,114493.68,138396.32,124054.736,1,0,18.25,3,0
15768120,Brown,Germany,36,90560.48,174268.87,124043.83599999998,2,0,45.5,2,0
15715414,White,France,38,102895.1,155665.76,124003.364,1,0,18.25,3,0
15707567,Esposito,Germany,50,145338.76,91936.1,123977.696,1,0,18.25,3,1
15644400,Anderson,France,44,128601.98,117031.2,123973.668,1,0,39.25,3,0
15580701,Ma,France,33,153819.58,79176.09,123962.184,1,0,27.25,3,1
15651823,Nkemjika,France,60,147751.75,88206.04,123933.466,1,0,33.25,3,1
15814930,McGregor,Germany,40,125534.51,121504.18,123922.378,1,0,41.25,3,1
15761168,Manna,France,38,171913.87,51820.87,123876.67,1,0,29.25,3,1
15745452,Sun,Germany,41,90218.11,174337.68,123865.938,1,0,23.25,3,0
15587647,Browne,Germany,66,127120.62,118929.64,123844.228,1,1,46.25,2,1
15765192,Jones,France,26,84006.88,183490.99,123800.524,2,0,26.5,2,0
15790324,Green,France,20,167685.56,57929.9,123783.296,1,0,33.25,3,0
15570414,Chizoba,Spain,41,115251.64,136435.75,123725.284,1,0,14.25,3,0
15797475,Brennan,France,44,86102.27,180134.88,123715.314,1,0,27.25,3,1
15791533,Ch'ien,Spain,42,93608.28,168816.73,123691.66,1,0,33.25,3,1
15771580,Davison,France,38,106831.69,148977.72,123690.102,1,1,46.25,2,0
15689980,Willis,Spain,36,118520.26,131173.9,123581.716,1,0,14.25,3,1
15785519,May,France,36,106192.1,149575.59,123545.496,1,0,33.25,3,0
15812482,Young,France,27,139301.68,99843.98,123518.6,1,0,27.25,3,0
15806808,Hope,Germany,57,112281.6,140225.14,123459.01600000002,3,0,49.75,2,1
15750569,Iweobiegbunam,Germany,46,102955.14,154137.33,123428.016,2,0,33.5,2,0
15608344,Dawson,Germany,29,137059.05,102975.72,123425.718,3,0,47.75,2,1
15762169,Bergman,Germany,37,145018.64,90928.02,123382.39200000002,2,0,45.5,2,1
15709135,Pirozzi,Germany,30,101231.77,156529.44,123350.838,2,0,26.5,2,0
15701333,Blackburn,France,37,96558.66,163427.18,123306.068,1,0,20.25,3,0
15595039,Manna,Germany,37,114754.08,136050.44,123272.624,1,0,37.25,3,1
15685500,Glazkov,Germany,26,152400.51,79414.0,123205.906,2,0,41.5,2,0
15673619,Bazhenov,France,25,162560.32,64129.03,123187.804,1,0,39.25,3,0
15669281,Ch'iu,Spain,38,128718.78,114793.45,123148.648,1,0,12.25,3,0
15595153,Tucker,Germany,44,106022.73,148727.42,123104.606,2,0,28.5,2,0
15655590,Garcia,Spain,46,79385.21,188492.82,123028.25400000002,2,0,16.5,2,0
15665811,Parry,France,33,141234.98,95673.05,123010.208,1,0,39.25,3,0
15591107,Flemming,Germany,68,110357.0,141977.54,123005.216,1,0,12.25,3,1
15617206,Trentino,Germany,42,120822.86,126153.24,122955.012,2,0,43.5,2,0
15789498,Miller,France,30,111099.79,140650.19,122919.95,2,0,18.5,2,0
15587640,Rowntree,France,43,93143.39,167554.86,122907.978,1,0,21.25,3,0
15661290,Hightower,Germany,38,107199.75,146398.51,122879.25400000002,1,0,24.25,3,0
15681180,Barese,France,23,156123.73,72990.62,122870.486,1,0,35.25,3,0
15596992,Norris,Germany,45,156353.46,72643.95,122869.656,1,0,35.25,3,1
15648047,Williamson,Germany,27,190125.43,21793.59,122792.694,2,0,22.5,2,0
15616630,Tobenna,Germany,41,77647.6,190429.52,122760.36800000002,1,0,31.25,3,0
15662098,Palmer,Spain,41,128808.65,113677.53,122756.202,3,0,24.75,2,1
15696355,Cleveland,Germany,37,125489.4,118570.53,122721.852,1,0,33.25,3,0
15623791,Padovesi,Spain,40,109740.62,141896.74,122603.06799999998,1,0,27.25,3,0
15760865,Fan,Germany,48,141819.02,93550.53,122511.624,1,0,35.25,3,1
15800514,Kenechukwu,Germany,24,95675.62,162699.7,122485.252,2,0,16.5,2,1
15647099,Ts'ui,France,37,156091.97,72008.61,122458.626,1,0,39.25,3,0
15734970,White,Spain,38,86824.09,175905.97,122456.842,1,0,20.25,3,0
15770543,Lowe,France,37,74260.03,194617.98,122403.21,1,0,35.25,3,0
15576760,Onodugoadiegbemma,Germany,36,73088.06,196142.26,122309.74,2,0,22.5,2,0
15582325,Jennings,France,52,87894.26,173899.42,122296.324,1,0,25.25,3,1
15616152,Pai,France,47,185513.67,27438.83,122283.734,1,0,23.25,3,0
15739194,Manfrin,Spain,38,178056.54,38434.73,122207.816,2,0,27.5,2,0
15714062,Millar,France,40,77641.99,189051.59,122205.83,1,0,24.25,3,1
15768193,Trevisani,Germany,36,146050.97,86424.57,122200.41,2,0,22.5,2,0
15783691,Hargreaves,Spain,35,120171.58,125240.8,122199.268,1,0,23.25,3,0
15797190,Charlton,Germany,40,96202.32,161154.85,122183.332,1,0,20.25,3,0
15604706,Blake,Germany,38,133105.47,105732.9,122156.442,1,0,23.25,3,1
15651900,Bergamaschi,Germany,53,81571.05,182960.46,122126.81399999998,1,0,23.25,3,1
15604497,Beale,Germany,44,84386.57,178642.73,122089.034,1,0,35.25,3,0
15792077,Degtyaryov,Germany,28,119859.52,125422.66,122084.776,2,0,43.5,2,0
15651264,Yobanna,Germany,51,124425.99,118545.49,122073.79,1,0,14.25,3,1
15613216,Cameron,Spain,39,141789.15,92455.96,122055.874,1,0,23.25,3,0
15648800,Paterson,Germany,21,132312.06,106663.46,122052.62,1,0,37.25,3,1
15639322,Grave,Spain,33,137847.41,98349.13,122048.098,2,0,35.5,2,0
15785576,Mayrhofer,Germany,71,119496.87,125848.88,122037.674,1,0,39.25,3,0
15802256,Yao,France,28,110976.23,138526.96,121996.522,2,0,41.5,2,0
15736533,Monaldo,Germany,37,124053.03,118591.67,121868.486,1,0,31.25,3,0
15664150,Holland,Germany,29,170214.23,49284.0,121842.138,2,0,45.5,2,0
15609187,Cox,France,27,155879.09,70774.97,121837.442,2,0,22.5,2,0
15753102,Curtis,Spain,44,83870.33,178722.24,121811.09399999998,1,0,33.25,3,0
15605375,Tseng,France,35,86911.8,174094.24,121784.776,1,0,25.25,3,0
15723484,Hunt,Germany,42,103873.39,148611.52,121768.642,1,0,23.25,3,0
15650288,Summers,Germany,35,116269.01,129964.94,121747.38199999998,1,0,33.25,3,0
15569624,Feng,Germany,31,105864.6,145567.34,121745.696,2,0,39.5,2,0
15658475,Lori,France,36,142882.49,89983.02,121722.702,1,0,37.25,3,1
15726289,Cawood,France,25,174400.36,42669.37,121707.964,1,0,21.25,3,0
15751120,Loyau,France,36,119912.46,124354.92,121689.444,1,0,25.25,3,0
15584320,Brennan,France,39,111695.62,136643.84,121674.908,1,0,12.25,3,0
15738884,Hu,Germany,41,157777.58,67484.6,121660.388,1,0,29.25,3,0
15799635,Arbour,Spain,51,108867.0,140800.66,121640.464,1,0,10.25,3,1
15711716,Ferguson,France,56,131368.3,106918.67,121588.448,1,0,23.25,3,1
15613427,Barling,Germany,49,108797.63,140763.18,121583.85,2,0,26.5,2,0
15600724,Scott,Germany,29,129750.68,109257.59,121553.444,1,0,31.25,3,0
15771540,Fedorova,France,38,148912.44,80416.16,121513.928,1,0,39.25,3,0
15688644,Holloway,France,31,129743.75,109145.2,121504.33,1,0,23.25,3,0
15634551,Williamson,Germany,46,115248.11,130752.01,121449.67,4,0,46.0,2,1
15641604,Frolova,France,55,98488.08,155879.57,121444.676,1,0,41.25,3,1
15638003,Komarova,Spain,55,81370.07,181534.04,121435.658,1,1,48.25,2,0
15617252,Lung,France,33,87347.7,172524.51,121418.424,1,0,23.25,3,0
15772482,Iloerika,Germany,28,132405.52,104889.2,121398.992,3,0,39.75,2,1
15633537,Nolan,Germany,42,87271.41,172572.64,121391.902,2,0,45.5,2,0
15711618,Chang,Germany,39,124640.51,116511.12,121388.754,1,0,23.25,3,1
15799600,Coles,Germany,48,111599.32,135995.58,121357.824,1,1,48.25,2,0
15805260,Wood,Germany,56,143249.67,88428.41,121321.166,1,0,25.25,3,1
15749068,Nickson,France,40,139625.34,93702.96,121256.388,1,0,39.25,3,1
15692291,Hs?eh,Spain,42,99056.22,154347.95,121172.912,2,0,39.5,2,1
15631685,Lambert,Germany,60,163894.35,57061.71,121161.294,1,1,48.25,2,0
15612505,Joseph,Spain,45,100212.13,152577.62,121158.326,1,0,27.25,3,0
15577515,Sung,Germany,55,108477.27,140003.0,121087.562,1,1,46.25,2,1
15633260,Dumetochukwu,France,37,142663.46,88669.89,121066.03199999998,1,1,48.25,2,0
15794396,Newbold,Germany,38,174937.64,40084.32,120996.312,1,0,35.25,3,0
15655410,Hinton,Germany,49,133384.66,102397.22,120989.684,1,0,23.25,3,1
