CustomerId,Surname,Geography,EstimatedValue,RetentionStrengthScore,RetentionBand,NumOfProducts,IsActiveMember,Exited
15624729,Tsao,France,178990.076,27.4,Critical Risk,1,0,0
15815490,Cocci,Germany,169780.588,19.4,Critical Risk,3,0,1
15594576,Zhdanov,France,162021.44199999998,27.5,Critical Risk,1,0,0
15705298,L?,Germany,160335.716,29.4,Critical Risk,1,0,0
15793307,Calabresi,Spain,159944.648,23.5,Critical Risk,3,0,1
15707078,Kruglov,France,157700.15399999998,28.5,Critical Risk,1,0,0
15804721,Boni,France,154141.318,27.5,Critical Risk,1,0,0
15639357,Allan,France,152405.05800000002,24.8,Critical Risk,3,0,1
15639077,Marchesi,France,152087.912,28.4,Critical Risk,3,0,1
15694376,Sullivan,Germany,150711.02000000002,21.6,Critical Risk,3,0,1
15603851,Galkin,France,150456.98200000002,27.6,Critical Risk,4,0,1
15587066,Kovaleva,France,149922.01,29.2,Critical Risk,1,0,1
15784687,Simmons,France,147773.72,28.8,Critical Risk,1,0,0
15661548,Ferri,France,146654.136,29.2,Critical Risk,1,0,0
15666548,Chung,Germany,146205.722,25.3,Critical Risk,3,0,1
15592583,Colman,France,145942.38199999998,19.1,Critical Risk,3,0,1
15706534,Enyinnaya,France,145870.15600000002,28.6,Critical Risk,1,0,1
15709920,Burke,France,145209.242,28.1,Critical Risk,1,0,1
15623210,Smith,Germany,144617.716,24.7,Critical Risk,3,0,1
15696989,Chukwueloka,Germany,143733.278,24.4,Critical Risk,3,0,1
15574480,Ubanwa,Spain,142939.34999999998,30.0,Critical Risk,1,0,0
15568032,Moore,Germany,141660.344,29.6,Critical Risk,3,0,0
15660316,Stephenson,Germany,141118.392,25.4,Critical Risk,1,0,1
15727811,Ts'ui,Germany,141025.776,28.7,Critical Risk,1,0,1
15757912,Bradley,Germany,139651.654,29.9,Critical Risk,1,0,0
15573888,Ponomaryov,Germany,139353.572,30.0,Critical Risk,1,0,1
15670374,Wright,Germany,138859.836,20.9,Critical Risk,4,0,1
15750335,Paterson,Germany,138723.212,30.0,Critical Risk,3,0,1
15672397,Smith,France,138537.418,27.5,Critical Risk,1,0,0
15616367,Ricci,Germany,137576.326,28.6,Critical Risk,1,0,1
15671591,Castiglione,Spain,137267.552,26.3,Critical Risk,4,0,1
15593976,Swanson,Germany,136399.69199999998,22.1,Critical Risk,4,0,1
15731507,Mackenzie,France,136316.984,26.1,Critical Risk,1,0,0
15723717,Heath,Germany,136259.86,26.7,Critical Risk,1,0,1
15722548,Fisher,France,135659.28,26.3,Critical Risk,1,0,0
15646190,Saunders,France,135308.418,29.0,Critical Risk,1,0,1
15793803,Robinson,France,133794.074,28.5,Critical Risk,1,0,0
15711843,Pisani,Germany,131898.53600000002,16.8,Critical Risk,3,0,1
15641175,Munro,Germany,130440.892,21.5,Critical Risk,3,0,1
15657937,Lord,Germany,129862.446,29.7,Critical Risk,1,0,0
15775761,Iweobiegbunam,Germany,128720.15,22.7,Critical Risk,3,0,1
15621435,Davies,France,128051.664,29.5,Critical Risk,1,0,0
15779947,Thomas,Spain,127905.114,29.3,Critical Risk,3,0,1
15692258,Thompson,Spain,127455.47,28.4,Critical Risk,1,0,0
15809823,Thurgood,Germany,127392.32,28.3,Critical Risk,1,0,0
15794941,Chibueze,Germany,127207.978,27.4,Critical Risk,3,0,0
15570002,Burlingame,Germany,125605.074,27.5,Critical Risk,4,0,1
15571476,Kelly,Spain,125292.136,28.2,Critical Risk,1,0,0
15693996,Hawks,France,125236.392,27.1,Critical Risk,1,0,0
15642787,Ijendu,France,124323.432,28.4,Critical Risk,1,0,0
15808868,Nwokeocha,France,124306.602,20.5,Critical Risk,3,0,1
15662098,Palmer,Spain,122756.202,20.5,Critical Risk,3,0,1
15799635,Arbour,Spain,121640.464,30.0,Critical Risk,1,0,1
15595728,Thomas,Germany,120479.538,26.0,Critical Risk,1,0,1
15684516,Plascencia,Spain,120433.802,29.6,Critical Risk,1,0,0
15684801,Abbott,France,119074.538,28.3,Critical Risk,3,0,1
15700540,Barrera,Germany,118766.548,29.6,Critical Risk,1,0,0
15603554,Berkeley,France,118755.91999999998,23.3,Critical Risk,3,0,1
15641675,Kirillova,France,117923.23,18.2,Critical Risk,3,0,1
15653306,Ermakova,Germany,116834.954,29.1,Critical Risk,1,0,0
15656148,Obinna,Germany,116766.796,26.5,Critical Risk,4,0,1
15661007,Thompson,France,116090.848,28.7,Critical Risk,1,0,0
15713826,Ferguson,Germany,115836.794,27.8,Critical Risk,1,0,1
15640846,Chibueze,Germany,115427.734,28.4,Critical Risk,4,0,1
15616859,Bonwick,Germany,114231.434,28.0,Critical Risk,4,0,1
15806467,Boyle,Germany,113409.954,28.4,Critical Risk,1,0,1
15810839,Rogers,France,112123.63,27.7,Critical Risk,1,0,0
15621550,Hung,Spain,111988.036,15.2,Critical Risk,3,0,1
15707199,Cooper,France,111230.09,28.4,Critical Risk,1,0,0
15634143,Onyemauchechi,Spain,110608.028,27.1,Critical Risk,1,0,0
15760924,Doherty,Spain,110560.334,30.0,Critical Risk,1,0,0
15645847,P'eng,Germany,109275.272,27.4,Critical Risk,3,0,1
15653776,Salier,Germany,108107.678,18.9,Critical Risk,4,0,1
15617486,Sullivan,France,108018.128,27.6,Critical Risk,1,0,1
15800061,Moretti,Spain,107563.268,27.4,Critical Risk,3,0,1
15692106,Rose,Spain,106624.848,29.6,Critical Risk,3,0,1
15668283,Gardiner,France,102471.554,29.3,Critical Risk,4,0,1
15578603,Alexeieva,Germany,101689.814,28.7,Critical Risk,1,0,1
15582129,Hsia,France,101366.092,24.8,Critical Risk,3,0,1
15735439,P'an,Spain,101334.316,26.0,Critical Risk,1,0,0
15731815,Nepean,Spain,101173.65,29.6,Critical Risk,3,0,1
15716609,L?,Germany,100614.782,29.7,Critical Risk,1,0,1
15767264,Lawson,Germany,100422.422,26.3,Critical Risk,1,0,1
15592773,Eberegbulam,Germany,100418.614,15.6,Critical Risk,3,0,1
15791268,Neumann,Spain,100404.392,26.8,Critical Risk,1,0,0
15667476,Cox,Germany,100237.316,29.5,Critical Risk,1,0,0
15740223,Walton,Germany,99080.128,24.1,Critical Risk,3,0,1
15715951,Thorpe,France,94861.974,29.7,Critical Risk,1,0,0
15666032,Mancini,Spain,94618.172,28.4,Critical Risk,1,0,0
15791867,Hicks,Germany,93028.838,29.4,Critical Risk,1,0,1
15721303,O'Meara,Spain,92418.356,29.8,Critical Risk,1,0,0
15764866,Synnot,Germany,92053.884,28.3,Critical Risk,3,0,1
15701602,Ayers,Germany,91415.626,20.9,Critical Risk,3,0,1
15766355,Lettiere,Germany,89862.944,24.0,Critical Risk,3,0,1
15631800,Pagnotto,France,89338.198,29.5,Critical Risk,1,0,0
15727317,Brady,Germany,89135.708,25.2,Critical Risk,3,0,1
15708063,Walker,France,88753.048,20.2,Critical Risk,3,0,1
15734610,Onio,France,88296.64199999999,29.9,Critical Risk,3,0,1
15786196,Han,France,87676.004,28.6,Critical Risk,3,0,1
